publication_id,score,compound,capped,total_hits_reported
EP-4041194-B1,13.102287,Trabectedin,False,1890
EP-4041194-A1,13.088128,Trabectedin,False,1890
AU-2021256746-A1,13.077153,Trabectedin,False,1890
WO-2021209545-A1,13.066308,Trabectedin,False,1890
EP-4353232-A2,13.064637,Trabectedin,False,1890
IL-297102-A,13.025356,Trabectedin,False,1890
US-20230146340-A1,13.020023,Trabectedin,False,1890
US-20220315605-A1,12.995444,Trabectedin,False,1890
WO-2020261301-A1,12.949795,Trabectedin,False,1890
IN-201841044298-A,12.88547,Trabectedin,False,1890
WO-2020105068-A1,12.830522,Trabectedin,False,1890
IN-201941025538-A,12.827635,Trabectedin,False,1890
US-12303506-B2,12.814774,Trabectedin,False,1890
IN-202221003332-A,12.799072,Trabectedin,False,1890
US-20230226051-A1,12.74683,Trabectedin,False,1890
EP-4215184-A1,12.74683,Trabectedin,False,1890
US-10610529-B2,12.744028,Trabectedin,False,1890
IN-2010KN03010-A,12.733667,Trabectedin,False,1890
US-20110015135-A1,12.695782,Trabectedin,False,1890
CA-2717117-A1,12.695782,Trabectedin,False,1890
US-20190030028-A1,12.685704,Trabectedin,False,1890
WO-2009109649-A1,12.6817665,Trabectedin,False,1890
EP-2262522-A1,12.6817665,Trabectedin,False,1890
AU-2009221120-A1,12.650671,Trabectedin,False,1890
US-20210169873-A1,12.646424,Trabectedin,False,1890
IN-201921042699-A,12.646424,Trabectedin,False,1890
EP-3412293-A1,12.634739,Trabectedin,False,1890
WO-2020239478-A1,12.610557,Trabectedin,False,1890
EP-4353232-A3,12.593878,Trabectedin,False,1890
EP-2900271-A1,12.577699,Trabectedin,False,1890
CA-3011527-A1,12.574219,Trabectedin,False,1890
AU-2017215603-A1,12.574219,Trabectedin,False,1890
WO-2022115075-A1,12.57184,Trabectedin,False,1890
EP-4247347-A1,12.57184,Trabectedin,False,1890
WO-2014049549-A1,12.560135,Trabectedin,False,1890
CA-2884923-A1,12.560135,Trabectedin,False,1890
US-20210361644-A1,12.531025,Trabectedin,False,1890
IN-201741041173-A,12.401099,Trabectedin,False,1890
IN-202531031692-A,12.359798,Trabectedin,False,1890
ZA-202210779-B,12.35759,Trabectedin,False,1890
CA-3176956-A1,12.32212,Trabectedin,False,1890
HK-40087541-B,12.298518,Trabectedin,False,1890
HK-40087541-A,12.298518,Trabectedin,False,1890
EP-4203959-B1,12.298518,Trabectedin,False,1890
EP-3960177-A1,12.248044,Trabectedin,False,1890
AU-2021334093-A1,12.248044,Trabectedin,False,1890
WO-2022043245-A1,12.231602,Trabectedin,False,1890
EP-4203959-A1,12.231602,Trabectedin,False,1890
CA-3185193-A1,12.231602,Trabectedin,False,1890
IN-202141039392-A,12.225527,Trabectedin,False,1890
RU-2738741-C2,12.222055,Trabectedin,False,1890
IN-500624-B,12.213639,Trabectedin,False,1890
US-20150231134-A1,12.181599,Trabectedin,False,1890
US-20230321205-A1,12.180901,Trabectedin,False,1890
MX-2025010161-A,12.130957,Trabectedin,False,1890
WO-2024174883-A1,12.086922,Trabectedin,False,1890
US-20240294549-A1,12.056927,Trabectedin,False,1890
WO-2023031958-A1,12.039278,Trabectedin,False,1890
WO-2019114704-A1,12.011367,Trabectedin,False,1890
MX-381508-B,11.976598,Trabectedin,False,1890
MX-2018009088-A,11.976598,Trabectedin,False,1890
EP-3725792-A4,11.848785,Trabectedin,False,1890
EP-3725792-C0,11.847763,Trabectedin,False,1890
EP-3725792-A1,11.845591,Trabectedin,False,1890
WO-2018005973-A1,11.83417,Trabectedin,False,1890
EP-3478312-A1,11.83417,Trabectedin,False,1890
IN-397102-B,11.789796,Trabectedin,False,1890
CN-109912629-B,11.759101,Trabectedin,False,1890
AU-2017290803-A1,11.684284,Trabectedin,False,1890
WO-2024155728-A1,11.680986,Trabectedin,False,1890
WO-2024186263-A1,11.628906,Trabectedin,False,1890
HK-1151232-A,11.609704,Trabectedin,False,1890
EP-3412293-A4,11.603067,Trabectedin,False,1890
HK-1244713-A1,11.592203,Trabectedin,False,1890
US-11339179-B2,11.591692,Trabectedin,False,1890
EP-3725792-B1,11.590601,Trabectedin,False,1890
AU-2021304691-A1,11.590374,Trabectedin,False,1890
CA-3027911-A1,11.582134,Trabectedin,False,1890
US-9181277-B2,11.569864,Trabectedin,False,1890
AU-2020244589-A1,11.555326,Trabectedin,False,1890
WO-2022006673-A1,11.510979,Trabectedin,False,1890
EP-4178588-A1,11.510979,Trabectedin,False,1890
CA-3181317-A1,11.510979,Trabectedin,False,1890
US-20220175875-A1,11.500783,Trabectedin,False,1890
IN-462333-B,11.489389,Trabectedin,False,1890
IN-202141023029-A,11.469059,Trabectedin,False,1890
US-11207392-B2,11.423507,Trabectedin,False,1890
US-20170266303-A1,11.4192295,Trabectedin,False,1890
WO-2024186264-A1,11.394414,Trabectedin,False,1890
AU-2023435820-A1,11.394414,Trabectedin,False,1890
MX-2015003800-A,11.382395,Trabectedin,False,1890
EP-4178588-B1,11.322708,Trabectedin,False,1890
US-11382903-B2,11.305662,Trabectedin,False,1890
IN-202017029721-A,11.290878,Trabectedin,False,1890
US-11823773-B2,11.271303,Trabectedin,False,1890
US-20210163500-A1,11.232965,Trabectedin,False,1890
WO-2017133544-A1,11.22655,Trabectedin,False,1890
MX-2023002094-A,11.20485,Trabectedin,False,1890
US-20230263825-A1,11.1971855,Trabectedin,False,1890
US-20090076017-A1,11.11928,Trabectedin,False,1890
CN-109912629-A,11.11928,Trabectedin,False,1890
AU-2023220122-A1,11.101146,Trabectedin,False,1890
IL-299673-A,11.088053,Trabectedin,False,1890
TW-I720117-B,11.072836,Trabectedin,False,1890
US-20240310378-A1,11.061911,Trabectedin,False,1890
KR-20230058113-A,11.026308,Trabectedin,False,1890
US-12391995-B2,11.00836,Trabectedin,False,1890
WO-2023158821-A2,10.994267,Trabectedin,False,1890
EP-4479532-A2,10.994267,Trabectedin,False,1890
CA-3244487-A1,10.994267,Trabectedin,False,1890
US-20210008053-A1,10.989227,Trabectedin,False,1890
WO-2022171831-A1,10.988633,Trabectedin,False,1890
EP-4291901-A1,10.988633,Trabectedin,False,1890
WO-2023034336-A2,10.967752,Trabectedin,False,1890
WO-2021144474-A1,10.928606,Trabectedin,False,1890
EP-4090970-A1,10.928606,Trabectedin,False,1890
AU-2021207312-A1,10.928606,Trabectedin,False,1890
TW-201728327-A,10.924161,Trabectedin,False,1890
EP-2644191-B1,10.91311,Trabectedin,False,1890
US-11920200-B2,10.900105,Trabectedin,False,1890
US-20230279465-A1,10.877378,Trabectedin,False,1890
EP-3409259-A1,10.876708,Trabectedin,False,1890
US-9056133-B2,10.875946,Trabectedin,False,1890
US-8685372-B2,10.8621645,Trabectedin,False,1890
EP-2438191-B1,10.859329,Trabectedin,False,1890
CA-3163050-A1,10.840933,Trabectedin,False,1890
US-20130084263-A1,10.823107,Trabectedin,False,1890
EP-3159331-A1,10.794422,Trabectedin,False,1890
SI-4041194-T1,10.763728,Trabectedin,False,1890
PL-4041194-T3,10.763728,Trabectedin,False,1890
PT-4041194-T,10.7621355,Trabectedin,False,1890
HU-E067354-T2,10.760544,Trabectedin,False,1890
US-20190240348-A1,10.757818,Trabectedin,False,1890
IN-202517050866-A,10.757818,Trabectedin,False,1890
HK-40081673-A,10.757818,Trabectedin,False,1890
US-20230016003-A1,10.754965,Trabectedin,False,1890
US-20220265839-A1,10.74484,Trabectedin,False,1890
RS-59139-B1,10.6762495,Trabectedin,False,1890
WO-2024091952-A1,10.6559,Trabectedin,False,1890
WO-2018013783-A1,10.6559,Trabectedin,False,1890
US-20190262328-A1,10.6559,Trabectedin,False,1890
EP-4608505-A1,10.6559,Trabectedin,False,1890
EP-4082546-A1,10.6559,Trabectedin,False,1890
EP-3484519-A1,10.6559,Trabectedin,False,1890
AU-2023367702-A1,10.6559,Trabectedin,False,1890
US-20180344569-A1,10.6451235,Trabectedin,False,1890
US-10369077-B2,10.6451235,Trabectedin,False,1890
US-20240093296-A1,10.638359,Trabectedin,False,1890
WO-2025101597-A1,10.63291,Trabectedin,False,1890
IL-269612-A,10.593182,Trabectedin,False,1890
US-20250146069-A1,10.534442,Trabectedin,False,1890
US-20150056191-A1,10.525823,Trabectedin,False,1890
KR-20230038188-A,10.523134,Trabectedin,False,1890
ZA-201804964-B,10.517835,Trabectedin,False,1890
AU-2017261511-A1,10.491146,Trabectedin,False,1890
WO-2025019334-A2,10.476931,Trabectedin,False,1890
US-20230405022-A1,10.463999,Trabectedin,False,1890
MX-2010009782-A,10.462642,Trabectedin,False,1890
US-20120148499-A1,10.459018,Trabectedin,False,1890
US-20190010158-A1,10.442484,Trabectedin,False,1890
EP-3395345-A1,10.442484,Trabectedin,False,1890
ES-2958818-A1,10.439959,Trabectedin,False,1890
NO-2008005-I2,10.426514,Trabectedin,False,1890
NO-2008005-I1,10.426514,Trabectedin,False,1890
CA-3281713-A1,10.425952,Trabectedin,False,1890
LU-91418-I2,10.424963,Trabectedin,False,1890
WO-2013148568-A1,10.39748,Trabectedin,False,1890
EP-2852685-A1,10.39748,Trabectedin,False,1890
WO-2018220487-A1,10.391506,Trabectedin,False,1890
US-20190142694-A1,10.391506,Trabectedin,False,1890
EP-3651719-A1,10.391506,Trabectedin,False,1890
CA-2985042-C,10.391506,Trabectedin,False,1890
CA-2985042-A1,10.391506,Trabectedin,False,1890
TR-2022021486-A2,10.374092,Trabectedin,False,1890
WO-2023061914-A2,10.369986,Trabectedin,False,1890
EP-4416305-A2,10.369986,Trabectedin,False,1890
WO-2010121023-A2,10.363897,Trabectedin,False,1890
EP-2429565-A2,10.363897,Trabectedin,False,1890
US-20230321286-A1,10.343697,Trabectedin,False,1890
US-20200360545-A1,10.343697,Trabectedin,False,1890
IN-202017034262-A,10.343697,Trabectedin,False,1890
AU-2019208024-A1,10.343697,Trabectedin,False,1890
AU-2016379290-B9,10.316162,Trabectedin,False,1890
AU-2016379290-B2,10.316162,Trabectedin,False,1890
AU-2016379290-A1,10.316162,Trabectedin,False,1890
WO-2020257536-A1,10.316078,Trabectedin,False,1890
EP-3986410-A1,10.316078,Trabectedin,False,1890
CA-3143339-A1,10.316078,Trabectedin,False,1890
AU-2020296087-A1,10.316078,Trabectedin,False,1890
HK-1257836-B,10.294176,Trabectedin,False,1890
HK-1257836-A1,10.294176,Trabectedin,False,1890
AU-2017261511-B2,10.294176,Trabectedin,False,1890
WO-2017040969-A1,10.286151,Trabectedin,False,1890
EP-3344286-A1,10.286151,Trabectedin,False,1890
CA-3005025-A1,10.286151,Trabectedin,False,1890
US-11549198-B2,10.278039,Trabectedin,False,1890
IN-202017036795-A,10.278039,Trabectedin,False,1890
AU-2019215157-A1,10.278039,Trabectedin,False,1890
WO-2012158657-A1,10.270893,Trabectedin,False,1890
US-20140079665-A1,10.270893,Trabectedin,False,1890
EP-2709661-A1,10.270893,Trabectedin,False,1890
CA-2834566-A1,10.270893,Trabectedin,False,1890
WO-2019140266-A1,10.249604,Trabectedin,False,1890
EP-3737416-A1,10.249604,Trabectedin,False,1890
WO-2009079587-A2,10.238359,Trabectedin,False,1890
EP-2247757-A2,10.238359,Trabectedin,False,1890
CA-2709827-A1,10.238359,Trabectedin,False,1890
WO-2019050926-A1,10.234061,Trabectedin,False,1890
EP-3678672-A1,10.234061,Trabectedin,False,1890
CA-3073744-A1,10.234061,Trabectedin,False,1890
AU-2018328134-A1,10.234061,Trabectedin,False,1890
US-20240200142-A1,10.209522,Trabectedin,False,1890
US-20250032413-A1,10.208324,Trabectedin,False,1890
EP-3409259-B1,10.1990795,Trabectedin,False,1890
US-20220211693-A1,10.19721,Trabectedin,False,1890
EP-2888260-B1,10.189623,Trabectedin,False,1890
WO-2019152848-A1,10.188089,Trabectedin,False,1890
EP-3746129-A1,10.188089,Trabectedin,False,1890
FI-4041194-T3,10.180973,Trabectedin,False,1890
AU-2012255920-A1,10.179934,Trabectedin,False,1890
VN-10019997-B,10.157611,Trabectedin,False,1890
US-20210212989-A1,10.157611,Trabectedin,False,1890
US-20150335619-A1,10.157611,Trabectedin,False,1890
CA-3087967-A1,10.157611,Trabectedin,False,1890
HK-1261004-A1,10.15205,Trabectedin,False,1890
KR-20190031492-A,10.134526,Trabectedin,False,1890
WO-2025188680-A1,10.11952,Trabectedin,False,1890
US-11672779-B2,10.067647,Trabectedin,False,1890
US-20180221382-A1,10.035864,Trabectedin,False,1890
US-20200109491-A1,10.035563,Trabectedin,False,1890
US-11666539-B2,10.029083,Trabectedin,False,1890
RU-2024115627-A,10.016207,Trabectedin,False,1890
HK-1260462-B,10.015281,Trabectedin,False,1890
HK-1260462-A1,10.015281,Trabectedin,False,1890
WO-2017219917-A1,10.014504,Trabectedin,False,1890
US-10646505-B2,10.012252,Trabectedin,False,1890
HR-P20240766-T1,10.007114,Trabectedin,False,1890
DK-2994467-T3,10.005827,Trabectedin,False,1890
US-20110091524-A1,10.001025,Trabectedin,False,1890
US-10722528-B2,9.990427,Trabectedin,False,1890
JP-2024054164-A,9.979645,Trabectedin,False,1890
WO-2018213732-A1,9.977217,Trabectedin,False,1890
IN-201917051286-A,9.977217,Trabectedin,False,1890
EP-3624850-A1,9.977217,Trabectedin,False,1890
CA-3063715-A1,9.977217,Trabectedin,False,1890
AU-2021215113-A1,9.977217,Trabectedin,False,1890
AU-2018270112-A1,9.977217,Trabectedin,False,1890
US-11903998-B2,9.955355,Trabectedin,False,1890
US-11311548-B2,9.955355,Trabectedin,False,1890
IN-201917043279-A,9.947612,Trabectedin,False,1890
AU-2018248085-A1,9.947612,Trabectedin,False,1890
WO-2008005469-A2,9.942676,Trabectedin,False,1890
US-20080112888-A1,9.942676,Trabectedin,False,1890
EP-2032989-A2,9.942676,Trabectedin,False,1890
CA-2655997-A1,9.942676,Trabectedin,False,1890
US-12070505-B2,9.935206,Trabectedin,False,1890
IN-202141023028-A,9.933448,Trabectedin,False,1890
EP-3412272-B1,9.926437,Trabectedin,False,1890
EP-3664823-B1,9.925299,Trabectedin,False,1890
WO-2022232684-A1,9.923004,Trabectedin,False,1890
WO-2018129404-A1,9.923004,Trabectedin,False,1890
US-20240216289-A1,9.923004,Trabectedin,False,1890
EP-4329775-A1,9.923004,Trabectedin,False,1890
EP-3565566-A1,9.923004,Trabectedin,False,1890
CA-3049579-A1,9.923004,Trabectedin,False,1890
AU-2018205276-A1,9.923004,Trabectedin,False,1890
IN-202141023027-A,9.922927,Trabectedin,False,1890
US-20190169636-A1,9.918677,Trabectedin,False,1890
US-20170112927-A1,9.918677,Trabectedin,False,1890
CA-3062770-C,9.918677,Trabectedin,False,1890
CA-3062770-A1,9.918677,Trabectedin,False,1890
WO-2016032882-A1,9.9163065,Trabectedin,False,1890
US-20190175560-A1,9.9155,Trabectedin,False,1890
US-9636344-B2,9.890661,Trabectedin,False,1890
WO-2025006970-A2,9.873518,Trabectedin,False,1890
US-20250009900-A1,9.873518,Trabectedin,False,1890
US-20240100178-A1,9.863176,Trabectedin,False,1890
MY-210234-A,9.859212,Trabectedin,False,1890
US-12144791-B2,9.853941,Trabectedin,False,1890
US-20160193219-A1,9.848334,Trabectedin,False,1890
EP-3426657-B1,9.847028,Trabectedin,False,1890
US-9314460-B1,9.842664,Trabectedin,False,1890
US-20220241274-A1,9.840491,Trabectedin,False,1890
US-11771695-B2,9.840491,Trabectedin,False,1890
US-20190160021-A1,9.839542,Trabectedin,False,1890
HK-40022763-B,9.839542,Trabectedin,False,1890
HK-40022763-A,9.839542,Trabectedin,False,1890
EP-3651719-B1,9.839542,Trabectedin,False,1890
EP-3373934-B1,9.839542,Trabectedin,False,1890
WO-2023079141-A2,9.810219,Trabectedin,False,1890
EP-4426329-A2,9.810219,Trabectedin,False,1890
US-20240415921-A1,9.806458,Trabectedin,False,1890
US-20250255977-A1,9.795078,Trabectedin,False,1890
US-10751284-B1,9.788205,Trabectedin,False,1890
EP-3299019-B1,9.778418,Trabectedin,False,1890
WO-2018185671-A1,9.777361,Trabectedin,False,1890
US-20200056203-A1,9.777361,Trabectedin,False,1890
EP-3607117-A1,9.777361,Trabectedin,False,1890
CA-3058866-A1,9.777361,Trabectedin,False,1890
US-20240366521-A1,9.7742195,Trabectedin,False,1890
US-20190381156-A1,9.7742195,Trabectedin,False,1890
US-20230398149-A1,9.769361,Trabectedin,False,1890
WO-2025081096-A1,9.759753,Trabectedin,False,1890
US-11458204-B2,9.759753,Trabectedin,False,1890
DE-102005012681-A1,9.759753,Trabectedin,False,1890
WO-2015191615-A2,9.753584,Trabectedin,False,1890
US-20190211063-A1,9.753584,Trabectedin,False,1890
US-20250025530-A1,9.748178,Trabectedin,False,1890
WO-2009142810-A2,9.7427225,Trabectedin,False,1890
US-20160368980-A1,9.7427225,Trabectedin,False,1890
US-20110104256-A1,9.7427225,Trabectedin,False,1890
EP-2259797-A2,9.7427225,Trabectedin,False,1890
CA-2718918-A1,9.7427225,Trabectedin,False,1890
US-20220152024-A1,9.740406,Trabectedin,False,1890
WO-2022125589-A1,9.723626,Trabectedin,False,1890
US-20240024466-A1,9.723626,Trabectedin,False,1890
IL-303434-A,9.723626,Trabectedin,False,1890
EP-4255432-A1,9.723626,Trabectedin,False,1890
CA-3201018-A1,9.723626,Trabectedin,False,1890
AU-2021397737-A9,9.723626,Trabectedin,False,1890
AU-2021397737-A1,9.723626,Trabectedin,False,1890
CA-3233159-A1,9.705755,Trabectedin,False,1890
CA-3004152-C,9.705755,Trabectedin,False,1890
IN-2013DN03430-A,9.705541,Trabectedin,False,1890
US-20250177423-A1,9.69968,Trabectedin,False,1890
US-20210145806-A1,9.69968,Trabectedin,False,1890
US-11793816-B2,9.698409,Trabectedin,False,1890
AU-2020248103-A1,9.698409,Trabectedin,False,1890
US-20210346307-A1,9.69638,Trabectedin,False,1890
EP-4455590-A1,9.69638,Trabectedin,False,1890
US-20210401851-A1,9.680661,Trabectedin,False,1890
US-20210369852-A1,9.680661,Trabectedin,False,1890
US-20200069681-A1,9.680661,Trabectedin,False,1890
US-20180280386-A1,9.680661,Trabectedin,False,1890
US-10383792-B2,9.673477,Trabectedin,False,1890
MY-208273-A,9.673477,Trabectedin,False,1890
US-20210060145-A1,9.668973,Trabectedin,False,1890
US-11802153-B2,9.668973,Trabectedin,False,1890
US-20210361777-A1,9.668297,Trabectedin,False,1890
US-10124038-B2,9.643332,Trabectedin,False,1890
US-20200352972-A1,9.623348,Trabectedin,False,1890
WO-2024226573-A2,9.618391,Trabectedin,False,1890
WO-2024223602-A1,9.617468,Trabectedin,False,1890
WO-2020198705-A1,9.6157675,Trabectedin,False,1890
CN-104119350-B,9.614251,Trabectedin,False,1890
WO-2022098685-A2,9.612389,Trabectedin,False,1890
EP-4241278-A2,9.612389,Trabectedin,False,1890
WO-2021247076-A1,9.603166,Trabectedin,False,1890
US-20200046721-A1,9.603166,Trabectedin,False,1890
EP-4157256-A1,9.603166,Trabectedin,False,1890
EP-2089711-B1,9.595235,Trabectedin,False,1890
EP-3427781-B1,9.594015,Trabectedin,False,1890
US-20230073984-A1,9.5920105,Trabectedin,False,1890
US-10507165-B2,9.5920105,Trabectedin,False,1890
MD-3409259-T2,9.5920105,Trabectedin,False,1890
US-20220257577-A1,9.590422,Trabectedin,False,1890
AU-2020316072-A1,9.590422,Trabectedin,False,1890
US-20200330551-A1,9.590047,Trabectedin,False,1890
US-20190151326-A1,9.590047,Trabectedin,False,1890
EP-4431116-A1,9.585823,Trabectedin,False,1890
US-20220089570-A1,9.578067,Trabectedin,False,1890
EP-3947379-A1,9.5751095,Trabectedin,False,1890
CA-3134648-A1,9.5751095,Trabectedin,False,1890
EP-3177595-B1,9.562544,Trabectedin,False,1890
US-20250235467-A1,9.54351,Trabectedin,False,1890
US-20210060146-A1,9.54351,Trabectedin,False,1890
US-20200138804-A1,9.542846,Trabectedin,False,1890
US-20190298746-A1,9.542846,Trabectedin,False,1890
US-20240139241-A1,9.540157,Trabectedin,False,1890
US-20140294851-A1,9.532347,Trabectedin,False,1890
US-20240150461-A1,9.513464,Trabectedin,False,1890
WO-2010139784-A1,9.512257,Trabectedin,False,1890
EP-2438191-A1,9.512257,Trabectedin,False,1890
WO-2012004005-A1,9.497488,Trabectedin,False,1890
EP-2590677-A1,9.497488,Trabectedin,False,1890
WO-2016168721-A1,9.494898,Trabectedin,False,1890
EP-3283463-A1,9.494898,Trabectedin,False,1890
WO-2018222134-A1,9.470889,Trabectedin,False,1890
WO-2018237158-A1,9.4668,Trabectedin,False,1890
MY-180641-A,9.4668,Trabectedin,False,1890
EP-3641770-A1,9.4668,Trabectedin,False,1890
CA-3066778-A1,9.4668,Trabectedin,False,1890
WO-2020047544-A1,9.465326,Trabectedin,False,1890
US-12410188-B2,9.465326,Trabectedin,False,1890
WO-2009005673-A1,9.457322,Trabectedin,False,1890
US-20110014117-A1,9.457322,Trabectedin,False,1890
EP-3283463-B1,9.443223,Trabectedin,False,1890
IN-201817049422-A,9.438241,Trabectedin,False,1890
WO-2019145469-A1,9.43805,Trabectedin,False,1890
EP-3743098-A1,9.43805,Trabectedin,False,1890
US-9931458-B1,9.434159,Trabectedin,False,1890
US-9695150-B2,9.434159,Trabectedin,False,1890
MD-3651719-T2,9.434159,Trabectedin,False,1890
EP-3412272-A1,9.434159,Trabectedin,False,1890
US-20140073779-A9,9.421898,Trabectedin,False,1890
US-20130184455-A1,9.421898,Trabectedin,False,1890
US-20240197731-A1,9.411035,Trabectedin,False,1890
US-20160271211-A1,9.411035,Trabectedin,False,1890
US-12280050-B2,9.411035,Trabectedin,False,1890
US-20090068144-A1,9.39872,Trabectedin,False,1890
US-11001558-B2,9.39872,Trabectedin,False,1890
EP-3848355-A1,9.39872,Trabectedin,False,1890
WO-2022226637-A1,9.392284,Trabectedin,False,1890
EP-4329802-A1,9.392284,Trabectedin,False,1890
CA-3173797-A1,9.392284,Trabectedin,False,1890
AU-2022266854-A9,9.392284,Trabectedin,False,1890
AU-2022266854-A1,9.392284,Trabectedin,False,1890
AU-2021267865-A1,9.390151,Trabectedin,False,1890
HK-40080499-A,9.388747,Trabectedin,False,1890
EP-4085929-A1,9.388747,Trabectedin,False,1890
US-20190054047-A1,9.387889,Trabectedin,False,1890
EA-049199-B1,9.387889,Trabectedin,False,1890
US-20210123163-A1,9.379786,Trabectedin,False,1890
US-20180333411-A1,9.364593,Trabectedin,False,1890
WO-2021016409-A1,9.364136,Trabectedin,False,1890
US-20180064747-A1,9.364136,Trabectedin,False,1890
EP-4003343-A1,9.364136,Trabectedin,False,1890
CA-3148444-A1,9.364136,Trabectedin,False,1890
CA-3088056-A1,9.364136,Trabectedin,False,1890
WO-2025048716-A1,9.355709,Trabectedin,False,1890
HK-40119496-A,9.353519,Trabectedin,False,1890
CA-2852064-A1,9.353519,Trabectedin,False,1890
AU-2012323937-A1,9.353519,Trabectedin,False,1890
US-20210069202-A1,9.33999,Trabectedin,False,1890
WO-2017079303-A1,9.339199,Trabectedin,False,1890
WO-2024213813-A1,9.336708,Trabectedin,False,1890
WO-2025122699-A1,9.317312,Trabectedin,False,1890
US-20250090495-A1,9.317312,Trabectedin,False,1890
HK-1210956-B,9.317312,Trabectedin,False,1890
HK-1210956-A1,9.317312,Trabectedin,False,1890
EP-2919784-B1,9.317312,Trabectedin,False,1890
WO-2019145471-A1,9.313723,Trabectedin,False,1890
US-9738643-B2,9.313723,Trabectedin,False,1890
EP-3743099-A1,9.313723,Trabectedin,False,1890
CA-3087823-A1,9.313723,Trabectedin,False,1890
IN-202421028899-A,9.30824,Trabectedin,False,1890
TW-I609012-B,9.307731,Trabectedin,False,1890
AU-2018432858-A1,9.297177,Trabectedin,False,1890
WO-2017205582-A1,9.292388,Trabectedin,False,1890
US-20190038610-A1,9.292388,Trabectedin,False,1890
ES-2393762-T3,9.292388,Trabectedin,False,1890
EP-3463419-A1,9.292388,Trabectedin,False,1890
CN-106853252-B,9.292388,Trabectedin,False,1890
AU-2020202100-B2,9.292388,Trabectedin,False,1890
AU-2020202100-A1,9.292388,Trabectedin,False,1890
WO-2018222135-A1,9.2916765,Trabectedin,False,1890
WO-2018048829-A1,9.2916765,Trabectedin,False,1890
US-20200315915-A1,9.282739,Trabectedin,False,1890
US-20200113783-A1,9.282739,Trabectedin,False,1890
US-20190038509-A1,9.282739,Trabectedin,False,1890
US-12343309-B2,9.282739,Trabectedin,False,1890
US-11497683-B2,9.282739,Trabectedin,False,1890
EP-3010488-B1,9.275201,Trabectedin,False,1890
US-9579283-B2,9.266867,Trabectedin,False,1890
US-20140271540-A1,9.266867,Trabectedin,False,1890
WO-2017127498-A1,9.264826,Trabectedin,False,1890
US-20230126700-A1,9.264826,Trabectedin,False,1890
US-20190022191-A1,9.264826,Trabectedin,False,1890
US-11980607-B2,9.264826,Trabectedin,False,1890
US-20250084059-A1,9.258483,Trabectedin,False,1890
WO-2021226092-A1,9.245996,Trabectedin,False,1890
US-9295731-B2,9.245996,Trabectedin,False,1890
US-20200353090-A1,9.245996,Trabectedin,False,1890
IN-202217069465-A,9.245996,Trabectedin,False,1890
IL-297869-A,9.245996,Trabectedin,False,1890
HK-40072142-A,9.245996,Trabectedin,False,1890
EP-4146278-A1,9.245996,Trabectedin,False,1890
EP-3973964-A1,9.245996,Trabectedin,False,1890
EP-3967310-A1,9.245996,Trabectedin,False,1890
CA-3141167-A1,9.245996,Trabectedin,False,1890
AU-2020279289-A1,9.245996,Trabectedin,False,1890
AU-2020273687-A1,9.245996,Trabectedin,False,1890
ID-P202302991-A,9.238784,Trabectedin,False,1890
CA-3189137-A1,9.238784,Trabectedin,False,1890
US-20120282266-A1,9.238016,Trabectedin,False,1890
CN-115484928-A,9.238016,Trabectedin,False,1890
WO-2017127397-A1,9.236979,Trabectedin,False,1890
EP-3405184-A1,9.236979,Trabectedin,False,1890
WO-2021055705-A1,9.230496,Trabectedin,False,1890
US-20230348419-A1,9.230496,Trabectedin,False,1890
EP-4031543-A1,9.230496,Trabectedin,False,1890
EP-3727379-B1,9.230496,Trabectedin,False,1890
CN-114423426-B,9.220629,Trabectedin,False,1890
HK-40090391-A,9.209318,Trabectedin,False,1890
WO-2016154019-A1,9.192441,Trabectedin,False,1890
US-20190328734-A1,9.192441,Trabectedin,False,1890
JP-2023500946-A,9.192441,Trabectedin,False,1890
US-20210346319-A1,9.191187,Trabectedin,False,1890
WO-2025193927-A1,9.177357,Trabectedin,False,1890
AU-2013345107-B2,9.177357,Trabectedin,False,1890
WO-2024226573-A4,9.175526,Trabectedin,False,1890
WO-2012149376-A2,9.169619,Trabectedin,False,1890
EP-2701686-A2,9.169619,Trabectedin,False,1890
CA-2834365-A1,9.169619,Trabectedin,False,1890
AU-2012249474-A1,9.169619,Trabectedin,False,1890
US-20240124523-A1,9.164031,Trabectedin,False,1890
WO-2014177038-A1,9.163542,Trabectedin,False,1890
US-20160039838-A1,9.163542,Trabectedin,False,1890
WO-2020018136-A1,9.156752,Trabectedin,False,1890
EP-3716976-A1,9.156752,Trabectedin,False,1890
WO-2018160138-A1,9.152145,Trabectedin,False,1890
EP-3589286-A1,9.152145,Trabectedin,False,1890
CN-104761507-B,9.152145,Trabectedin,False,1890
IN-2015DN08445-A,9.1395645,Trabectedin,False,1890
US-9907846-B2,9.137363,Trabectedin,False,1890
US-8367699-B2,9.137363,Trabectedin,False,1890
US-20170137404-A1,9.137363,Trabectedin,False,1890
IL-323508-A,9.137363,Trabectedin,False,1890
WO-2006097323-A1,9.123465,Trabectedin,False,1890
US-20160136092-A1,9.123465,Trabectedin,False,1890
US-11878018-B1,9.123465,Trabectedin,False,1890
US-10251838-B2,9.123465,Trabectedin,False,1890
WO-2015073072-A1,9.120984,Trabectedin,False,1890
US-20140335048-A1,9.120984,Trabectedin,False,1890
US-20140079774-A1,9.120984,Trabectedin,False,1890
EP-2104501-B1,9.120984,Trabectedin,False,1890
US-20220193066-A1,9.107359,Trabectedin,False,1890
US-20190000875-A1,9.107359,Trabectedin,False,1890
US-10463690-B2,9.107359,Trabectedin,False,1890
HK-40067323-A,9.107359,Trabectedin,False,1890
HK-40065487-A,9.107359,Trabectedin,False,1890
CN-104650049-B,9.107359,Trabectedin,False,1890
CA-3177508-A1,9.107359,Trabectedin,False,1890
CA-3139828-A1,9.107359,Trabectedin,False,1890
CA-3089826-A1,9.106955,Trabectedin,False,1890
WO-2018195048-A1,9.101593,Trabectedin,False,1890
US-9867822-B2,9.101593,Trabectedin,False,1890
US-20170143704-A1,9.101593,Trabectedin,False,1890
KR-102904334-B1,9.101593,Trabectedin,False,1890
WO-2022036024-A9,9.100419,Trabectedin,False,1890
WO-2022036024-A2,9.100419,Trabectedin,False,1890
US-20240010976-A1,9.100419,Trabectedin,False,1890
IL-300530-A,9.100419,Trabectedin,False,1890
EP-4196133-A2,9.100419,Trabectedin,False,1890
AU-2021324767-A1,9.100419,Trabectedin,False,1890
CA-2991223-A1,9.098067,Trabectedin,False,1890
US-10442806-B2,9.09752,Trabectedin,False,1890
US-10112947-B2,9.09752,Trabectedin,False,1890
TW-202444413-A,9.09752,Trabectedin,False,1890
CA-2841452-C,9.096161,Trabectedin,False,1890
MY-168762-A,9.092101,Trabectedin,False,1890
WO-2012170640-A1,9.082607,Trabectedin,False,1890
WO-2011113879-A1,9.082607,Trabectedin,False,1890
EP-2547733-A1,9.082607,Trabectedin,False,1890
CN-118236503-A,9.082607,Trabectedin,False,1890
WO-2013056132-A2,9.081554,Trabectedin,False,1890
EP-2765997-A2,9.081554,Trabectedin,False,1890
WO-2024206740-A1,9.066831,Trabectedin,False,1890
US-20220313642-A1,9.066831,Trabectedin,False,1890
US-20220273649-A1,9.066831,Trabectedin,False,1890
US-20180104330-A1,9.066831,Trabectedin,False,1890
US-20170080093-A1,9.066831,Trabectedin,False,1890
IN-201917021684-A,9.066831,Trabectedin,False,1890
EP-4144333-A1,9.066831,Trabectedin,False,1890
EP-2258865-A1,9.066831,Trabectedin,False,1890
AU-2024246525-A1,9.066831,Trabectedin,False,1890
US-20140072529-A1,9.053738,Trabectedin,False,1890
EP-3271396-A1,9.053738,Trabectedin,False,1890
DK-2694508-T3,9.053738,Trabectedin,False,1890
CN-106916112-B,9.053738,Trabectedin,False,1890
CN-104744446-B,9.053738,Trabectedin,False,1890
WO-2020072311-A1,9.048298,Trabectedin,False,1890
CN-109867670-B,9.048298,Trabectedin,False,1890
CN-109867670-A,9.048298,Trabectedin,False,1890
US-20220339160-A1,9.04089,Trabectedin,False,1890
IN-327853-B,9.04089,Trabectedin,False,1890
EP-4006033-A1,9.04089,Trabectedin,False,1890
WO-2024243545-A1,9.029071,Trabectedin,False,1890
US-10377779-B2,9.021829,Trabectedin,False,1890
US-20190076425-A1,9.02163,Trabectedin,False,1890
CN-105384695-B,9.017196,Trabectedin,False,1890
AU-2023329055-A1,9.017196,Trabectedin,False,1890
EP-3277681-B1,9.008894,Trabectedin,False,1890
WO-2021178396-A1,8.993377,Trabectedin,False,1890
US-20230097743-A1,8.993377,Trabectedin,False,1890
IN-2015MN03712-A,8.993377,Trabectedin,False,1890
EP-4114467-A1,8.993377,Trabectedin,False,1890
HK-40113151-A,8.984356,Trabectedin,False,1890
IL-315565-A,8.978962,Trabectedin,False,1890
WO-2023172669-A9,8.975382,Trabectedin,False,1890
WO-2023172669-A2,8.975382,Trabectedin,False,1890
WO-2015191568-A2,8.975382,Trabectedin,False,1890
US-20170101464-A1,8.975382,Trabectedin,False,1890
EP-4489865-A2,8.975382,Trabectedin,False,1890
US-10105389-B1,8.973927,Trabectedin,False,1890
US-20190092775-A1,8.970217,Trabectedin,False,1890
US-20150079106-A1,8.970217,Trabectedin,False,1890
US-11672866-B2,8.970217,Trabectedin,False,1890
KR-20230002462-A,8.970217,Trabectedin,False,1890
WO-2025029980-A1,8.967244,Trabectedin,False,1890
SG-190204-A1,8.960876,Trabectedin,False,1890
AU-2011327903-A1,8.960876,Trabectedin,False,1890
WO-2016111957-A1,8.96035,Trabectedin,False,1890
US-20220267350-A1,8.96035,Trabectedin,False,1890
TW-I800341-B,8.96035,Trabectedin,False,1890
TW-I760170-B,8.96035,Trabectedin,False,1890
TW-202245840-A,8.96035,Trabectedin,False,1890
TW-202144006-A,8.96035,Trabectedin,False,1890
EP-4006032-A1,8.96035,Trabectedin,False,1890
WO-2025222157-A1,8.958904,Trabectedin,False,1890
HK-1218385-B,8.956821,Trabectedin,False,1890
HK-1218385-A1,8.956821,Trabectedin,False,1890
EP-3373932-B1,8.956821,Trabectedin,False,1890
EP-2958564-B1,8.956821,Trabectedin,False,1890
US-9920033-B2,8.952928,Trabectedin,False,1890
US-20210346520-A1,8.952928,Trabectedin,False,1890
US-20150119587-A1,8.952928,Trabectedin,False,1890
WO-2018102506-A1,8.929866,Trabectedin,False,1890
WO-2008034039-A2,8.929866,Trabectedin,False,1890
US-20090306130-A1,8.929866,Trabectedin,False,1890
EP-3548086-A1,8.929866,Trabectedin,False,1890
CA-3045110-A1,8.929866,Trabectedin,False,1890
AU-2017368135-A1,8.929866,Trabectedin,False,1890
EP-3288558-B1,8.922499,Trabectedin,False,1890
MA-35014-B1,8.920283,Trabectedin,False,1890
HR-P20150138-T1,8.920283,Trabectedin,False,1890
CN-106916112-A,8.920283,Trabectedin,False,1890
AU-2012238891-B2,8.920283,Trabectedin,False,1890
WO-2024079252-A1,8.909515,Trabectedin,False,1890
US-9926324-B2,8.909515,Trabectedin,False,1890
US-20240336979-A1,8.909515,Trabectedin,False,1890
EP-4602049-A1,8.909515,Trabectedin,False,1890
EP-3299019-A1,8.909515,Trabectedin,False,1890
US-20230256068-A1,8.89204,Trabectedin,False,1890
AU-2023222066-A1,8.89204,Trabectedin,False,1890
US-20180111904-A1,8.891515,Trabectedin,False,1890
CA-3103793-A1,8.891515,Trabectedin,False,1890
WO-2024042105-A1,8.887243,Trabectedin,False,1890
EP-4577307-A1,8.887243,Trabectedin,False,1890
WO-2014202680-A1,8.867955,Trabectedin,False,1890
IN-343561-B,8.867955,Trabectedin,False,1890
EP-3010488-A1,8.867955,Trabectedin,False,1890
CN-103387535-B,8.867955,Trabectedin,False,1890
CA-3170055-A1,8.867955,Trabectedin,False,1890
CA-2922627-A1,8.867955,Trabectedin,False,1890
WO-2019109074-A1,8.846114,Trabectedin,False,1890
IN-2015DN08277-A,8.846114,Trabectedin,False,1890
AU-2019201896-A1,8.846114,Trabectedin,False,1890
AU-2014244117-A1,8.846114,Trabectedin,False,1890
WO-2015034729-A1,8.845411,Trabectedin,False,1890
US-20160143937-A1,8.845411,Trabectedin,False,1890
US-11933783-B2,8.844303,Trabectedin,False,1890
TW-I601725-B,8.844303,Trabectedin,False,1890
WO-2022124898-A1,8.843612,Trabectedin,False,1890
WO-2011046457-A1,8.843612,Trabectedin,False,1890
US-10844066-B2,8.843612,Trabectedin,False,1890
EP-2488186-A1,8.843612,Trabectedin,False,1890
WO-2018095353-A1,8.830619,Trabectedin,False,1890
CA-3154678-A1,8.830619,Trabectedin,False,1890
CA-2768307-C,8.830619,Trabectedin,False,1890
AU-2010274075-B2,8.830619,Trabectedin,False,1890
WO-2021022121-A1,8.828381,Trabectedin,False,1890
US-20230046317-A1,8.828381,Trabectedin,False,1890
TW-I838196-B,8.828381,Trabectedin,False,1890
TW-202344268-A,8.828381,Trabectedin,False,1890
CA-2816000-A1,8.828381,Trabectedin,False,1890
HK-40032568-B,8.826572,Trabectedin,False,1890
HK-40032568-A,8.826572,Trabectedin,False,1890
EP-3661539-B1,8.826572,Trabectedin,False,1890
US-20160022642-A1,8.822848,Trabectedin,False,1890
HK-1203509-B,8.822848,Trabectedin,False,1890
EP-3134088-B1,8.822848,Trabectedin,False,1890
CN-114423426-A,8.821811,Trabectedin,False,1890
WO-2024169991-A1,8.819103,Trabectedin,False,1890
US-9227948-B2,8.819103,Trabectedin,False,1890
US-20220387468-A1,8.819103,Trabectedin,False,1890
US-20180086778-A1,8.819103,Trabectedin,False,1890
IN-315196-B,8.819103,Trabectedin,False,1890
IN-2012CH02429-A,8.819103,Trabectedin,False,1890
WO-2017083789-A1,8.798109,Trabectedin,False,1890
US-9561190-B2,8.798109,Trabectedin,False,1890
US-20240016946-A1,8.798109,Trabectedin,False,1890
US-11952353-B2,8.798109,Trabectedin,False,1890
ID-P202304815-A,8.798109,Trabectedin,False,1890
EP-3373934-A1,8.798109,Trabectedin,False,1890
BR-112019011033-A2,8.798109,Trabectedin,False,1890
WO-2019108773-A1,8.796434,Trabectedin,False,1890
WO-2012031250-A2,8.796434,Trabectedin,False,1890
KR-20150063070-A,8.796434,Trabectedin,False,1890
EP-2611822-A2,8.796434,Trabectedin,False,1890
EP-2694508-B1,8.79392,Trabectedin,False,1890
WO-2018091634-A1,8.791784,Trabectedin,False,1890
WO-2016085967-A1,8.791784,Trabectedin,False,1890
US-10383876-B2,8.791784,Trabectedin,False,1890
MY-169452-A,8.791784,Trabectedin,False,1890
IN-201917016780-A,8.791784,Trabectedin,False,1890
EP-3541388-A1,8.791784,Trabectedin,False,1890
EP-3223860-A1,8.791784,Trabectedin,False,1890
CA-3043131-A1,8.791784,Trabectedin,False,1890
CA-2968837-A1,8.791784,Trabectedin,False,1890
AU-2017361856-A1,8.791784,Trabectedin,False,1890
WO-2024188937-A1,8.782955,Trabectedin,False,1890
VN-10025922-B,8.782955,Trabectedin,False,1890
US-20140134133-A1,8.782955,Trabectedin,False,1890
WO-2023159036-A1,8.763645,Trabectedin,False,1890
US-20200239522-A1,8.763645,Trabectedin,False,1890
MY-186092-A,8.763645,Trabectedin,False,1890
EP-3730146-A1,8.763645,Trabectedin,False,1890
US-20160271156-A1,8.763208,Trabectedin,False,1890
EP-3730146-B1,8.763208,Trabectedin,False,1890
US-20100111930-A1,8.762017,Trabectedin,False,1890
IN-336931-B,8.762017,Trabectedin,False,1890
AU-2017414697-B2,8.762017,Trabectedin,False,1890
WO-2016022956-A1,8.7613945,Trabectedin,False,1890
EP-3177595-A1,8.7613945,Trabectedin,False,1890
EP-1968607-B1,8.7613945,Trabectedin,False,1890
CN-103626765-B,8.746954,Trabectedin,False,1890
CA-2922627-C,8.746954,Trabectedin,False,1890
CA-2632903-C,8.746954,Trabectedin,False,1890
AU-2014283264-C1,8.746954,Trabectedin,False,1890
AU-2014283264-B2,8.746954,Trabectedin,False,1890
WO-2011057064-A1,8.721548,Trabectedin,False,1890
WO-2017153220-A1,8.721525,Trabectedin,False,1890
WO-2014160130-A1,8.716486,Trabectedin,False,1890
EP-2968294-A1,8.716486,Trabectedin,False,1890
CA-3204801-A1,8.716486,Trabectedin,False,1890
CA-2905037-A1,8.716486,Trabectedin,False,1890
AU-2020233606-A1,8.716486,Trabectedin,False,1890
WO-2014022128-A1,8.714743,Trabectedin,False,1890
WO-2012118978-A1,8.714743,Trabectedin,False,1890
US-20240084391-A1,8.714743,Trabectedin,False,1890
US-20140056849-A1,8.714743,Trabectedin,False,1890
IL-288674-B2,8.714743,Trabectedin,False,1890
WO-2021150756-A1,8.701323,Trabectedin,False,1890
US-20160228457-A1,8.698485,Trabectedin,False,1890
WO-2021078925-A1,8.690332,Trabectedin,False,1890
WO-2020131951-A1,8.690332,Trabectedin,False,1890
WO-2013190571-A1,8.690332,Trabectedin,False,1890
WO-2013177092-A1,8.690332,Trabectedin,False,1890
US-20170313678-A1,8.690332,Trabectedin,False,1890
US-10933061-B2,8.690332,Trabectedin,False,1890
IL-292348-A,8.690332,Trabectedin,False,1890
EP-4048277-A1,8.690332,Trabectedin,False,1890
EP-2861572-A1,8.690332,Trabectedin,False,1890
CA-3158274-A1,8.690332,Trabectedin,False,1890
AU-2020369996-A1,8.690332,Trabectedin,False,1890
AU-2018299536-B2,8.690332,Trabectedin,False,1890
US-20160346334-A1,8.671269,Trabectedin,False,1890
US-20160045595-A1,8.671269,Trabectedin,False,1890
IN-202327020016-A,8.671269,Trabectedin,False,1890
EP-4205767-A1,8.671269,Trabectedin,False,1890
EP-3973963-A1,8.671269,Trabectedin,False,1890
AU-2020278733-A1,8.671269,Trabectedin,False,1890
WO-2013180949-A1,8.667971,Trabectedin,False,1890
TN-2013000401-A1,8.667971,Trabectedin,False,1890
SG-193595-A1,8.667971,Trabectedin,False,1890
IN-2013DN08415-A,8.667971,Trabectedin,False,1890
CN-106279045-A,8.667971,Trabectedin,False,1890
CN-104755085-B,8.660946,Trabectedin,False,1890
CA-2889346-C,8.660946,Trabectedin,False,1890
EP-4450045-A1,8.6593685,Trabectedin,False,1890
CN-104016979-B,8.641264,Trabectedin,False,1890
AU-2017414697-A1,8.641264,Trabectedin,False,1890
AU-2007316587-A1,8.641264,Trabectedin,False,1890
WO-2016197114-A1,8.639946,Trabectedin,False,1890
US-20230241057-A1,8.639946,Trabectedin,False,1890
US-20220409560-A1,8.639946,Trabectedin,False,1890
HK-40086414-A,8.639946,Trabectedin,False,1890
EP-4479086-A1,8.639946,Trabectedin,False,1890
EP-3302482-A1,8.639946,Trabectedin,False,1890
CA-3244072-A1,8.639946,Trabectedin,False,1890
AU-2014283264-A1,8.630141,Trabectedin,False,1890
WO-2016135633-A1,8.6072,Trabectedin,False,1890
EP-3261628-A1,8.6072,Trabectedin,False,1890
US-20190022235-A1,8.603718,Trabectedin,False,1890
EP-3426657-A1,8.603718,Trabectedin,False,1890
CA-3016584-A1,8.603718,Trabectedin,False,1890
WO-2024231899-A1,8.602087,Trabectedin,False,1890
US-20140228361-A1,8.602087,Trabectedin,False,1890
AU-2023248067-B2,8.591675,Trabectedin,False,1890
WO-2022120177-A1,8.589996,Trabectedin,False,1890
WO-2008076278-A2,8.589996,Trabectedin,False,1890
US-20240207421-A1,8.589996,Trabectedin,False,1890
US-20110262525-A1,8.589996,Trabectedin,False,1890
EP-2104501-A2,8.589996,Trabectedin,False,1890
CA-2882157-A1,8.589996,Trabectedin,False,1890
EP-4177270-A1,8.579538,Trabectedin,False,1890
CN-109867668-B,8.579538,Trabectedin,False,1890
CN-109867668-A,8.579538,Trabectedin,False,1890
WO-2017218365-A1,8.578907,Trabectedin,False,1890
WO-2014089324-A1,8.578907,Trabectedin,False,1890
US-20220175787-A1,8.578907,Trabectedin,False,1890
US-20210107991-A1,8.578907,Trabectedin,False,1890
US-20210095042-A1,8.578907,Trabectedin,False,1890
US-20180170897-A1,8.578907,Trabectedin,False,1890
US-11708420-B2,8.578907,Trabectedin,False,1890
US-11708419-B2,8.578907,Trabectedin,False,1890
US-11566079-B2,8.578907,Trabectedin,False,1890
US-10781261-B2,8.578907,Trabectedin,False,1890
US-10385135-B2,8.578907,Trabectedin,False,1890
CA-3166379-A1,8.578907,Trabectedin,False,1890
WO-2012149186-A9,8.569808,Trabectedin,False,1890
WO-2012149186-A2,8.569808,Trabectedin,False,1890
EP-2702054-A2,8.569808,Trabectedin,False,1890
CA-2841452-A1,8.569808,Trabectedin,False,1890
AU-2012249646-A1,8.569808,Trabectedin,False,1890
US-9573953-B2,8.566336,Trabectedin,False,1890
MY-182036-A,8.566336,Trabectedin,False,1890
CA-2898294-C,8.566336,Trabectedin,False,1890
US-20220211694-A1,8.549076,Trabectedin,False,1890
CA-3190406-A1,8.549076,Trabectedin,False,1890
CA-3141174-A1,8.549076,Trabectedin,False,1890
AU-2021334696-A1,8.549076,Trabectedin,False,1890
WO-2012136553-A1,8.548592,Trabectedin,False,1890
US-20130345277-A1,8.548592,Trabectedin,False,1890
KR-20210061301-A,8.548592,Trabectedin,False,1890
GC-0007522-A,8.548592,Trabectedin,False,1890
EP-2694508-A1,8.548592,Trabectedin,False,1890
CN-109867671-B,8.548592,Trabectedin,False,1890
CN-109867671-A,8.548592,Trabectedin,False,1890
CA-2832123-C,8.548592,Trabectedin,False,1890
CA-2832123-A1,8.548592,Trabectedin,False,1890
AU-2012238891-A1,8.548592,Trabectedin,False,1890
WO-2024056782-A1,8.543249,Trabectedin,False,1890
WO-2014078211-A1,8.543249,Trabectedin,False,1890
EP-4587439-A1,8.543249,Trabectedin,False,1890
EP-2919784-A1,8.543249,Trabectedin,False,1890
CA-2889346-A1,8.543249,Trabectedin,False,1890
WO-2023078464-A1,8.533489,Trabectedin,False,1890
CN-118284435-A,8.533489,Trabectedin,False,1890
BR-112024008991-A2,8.533489,Trabectedin,False,1890
KR-20220069143-A,8.530779,Trabectedin,False,1890
WO-2018212764-A1,8.524747,Trabectedin,False,1890
WO-2008055995-A2,8.524747,Trabectedin,False,1890
US-9180214-B1,8.524747,Trabectedin,False,1890
US-20250340667-A1,8.524747,Trabectedin,False,1890
EP-3426250-A1,8.524747,Trabectedin,False,1890
EP-2089711-A2,8.524747,Trabectedin,False,1890
CA-2669012-A1,8.524747,Trabectedin,False,1890
AU-2014200509-A1,8.524747,Trabectedin,False,1890
WO-2021239905-A1,8.520691,Trabectedin,False,1890
US-20200330525-A1,8.520691,Trabectedin,False,1890
US-11439669-B2,8.520691,Trabectedin,False,1890
US-10617723-B2,8.520691,Trabectedin,False,1890
HK-40107897-A,8.520691,Trabectedin,False,1890
EP-4653054-A2,8.520691,Trabectedin,False,1890
EP-4157282-A1,8.520691,Trabectedin,False,1890
EP-4108248-A1,8.520691,Trabectedin,False,1890
CA-3180609-A1,8.520691,Trabectedin,False,1890
US-12083181-B2,8.520285,Trabectedin,False,1890
EP-4108248-B1,8.520285,Trabectedin,False,1890
EP-2988760-B1,8.520285,Trabectedin,False,1890
WO-2015154725-A1,8.517305,Trabectedin,False,1890
JP-2020505016-A,8.512357,Trabectedin,False,1890
WO-2014035846-A2,8.469801,Trabectedin,False,1890
EP-2888260-A2,8.469801,Trabectedin,False,1890
AU-2007334456-A1,8.469801,Trabectedin,False,1890
WO-2024077223-A1,8.461336,Trabectedin,False,1890
US-20200002433-A1,8.460882,Trabectedin,False,1890
US-20190330363-A1,8.460882,Trabectedin,False,1890
CN-109867669-B,8.460882,Trabectedin,False,1890
CN-109867669-A,8.460882,Trabectedin,False,1890
AU-2023237196-A1,8.460882,Trabectedin,False,1890
WO-2021252769-A1,8.446851,Trabectedin,False,1890
WO-2017083788-A1,8.446851,Trabectedin,False,1890
US-20230321036-A1,8.446851,Trabectedin,False,1890
US-20140234254-A1,8.446851,Trabectedin,False,1890
EP-4164647-A1,8.446851,Trabectedin,False,1890
EP-3373932-A1,8.446851,Trabectedin,False,1890
AU-2014219256-B2,8.446851,Trabectedin,False,1890
CA-2952083-C,8.433411,Trabectedin,False,1890
US-20110129456-A1,8.431278,Trabectedin,False,1890
TW-202506169-A,8.431278,Trabectedin,False,1890
CA-2722992-A1,8.431278,Trabectedin,False,1890
HK-1202118-A1,8.429779,Trabectedin,False,1890
US-11266743-B2,8.42964,Trabectedin,False,1890
TW-I574962-B,8.42964,Trabectedin,False,1890
HK-40003547-B,8.415951,Trabectedin,False,1890
HK-40003547-A,8.415951,Trabectedin,False,1890
HK-1232223-B,8.415951,Trabectedin,False,1890
HK-1232223-A1,8.415951,Trabectedin,False,1890
EP-3426250-B1,8.415951,Trabectedin,False,1890
EP-3172214-B1,8.415951,Trabectedin,False,1890
WO-2025021997-A1,8.412249,Trabectedin,False,1890
TW-202413439-A,8.412249,Trabectedin,False,1890
TW-201834649-A,8.412249,Trabectedin,False,1890
US-20190248747-A1,8.408245,Trabectedin,False,1890
KR-102242183-B1,8.408245,Trabectedin,False,1890
WO-2018055492-A1,8.405643,Trabectedin,False,1890
IL-309994-B1,8.405643,Trabectedin,False,1890
EP-4414369-A2,8.405643,Trabectedin,False,1890
AU-2019200276-B2,8.405643,Trabectedin,False,1890
AU-2019200276-A1,8.405643,Trabectedin,False,1890
WO-2017120504-A1,8.380072,Trabectedin,False,1890
AU-2023334713-A1,8.380072,Trabectedin,False,1890
US-20160129027-A1,8.375466,Trabectedin,False,1890
HK-40092156-B,8.361525,Trabectedin,False,1890
HK-40092156-A,8.361525,Trabectedin,False,1890
HK-40036030-B,8.361525,Trabectedin,False,1890
HK-40036030-A,8.361525,Trabectedin,False,1890
EP-4177270-B1,8.361525,Trabectedin,False,1890
EP-3697817-B1,8.361525,Trabectedin,False,1890
WO-2022187092-A1,8.353911,Trabectedin,False,1890
US-20210299276-A1,8.353911,Trabectedin,False,1890
IL-300423-A,8.353911,Trabectedin,False,1890
EP-4302093-A1,8.353911,Trabectedin,False,1890
BR-112015001528-B1,8.353886,Trabectedin,False,1890
WO-2016201214-A1,8.347019,Trabectedin,False,1890
WO-2012063085-A2,8.347019,Trabectedin,False,1890
EP-2638007-A2,8.347019,Trabectedin,False,1890
IN-2010DN08842-A,8.331636,Trabectedin,False,1890
CA-2898294-A1,8.331636,Trabectedin,False,1890
CA-2724881-A1,8.331636,Trabectedin,False,1890
AU-2009249069-A1,8.331636,Trabectedin,False,1890
WO-2021101258-A2,8.32406,Trabectedin,False,1890
KR-20210148987-A,8.32406,Trabectedin,False,1890
KR-20210061293-A,8.32406,Trabectedin,False,1890
WO-2014163558-A1,8.317644,Trabectedin,False,1890
WO-2009137378-A2,8.317644,Trabectedin,False,1890
US-20200399265-A1,8.317644,Trabectedin,False,1890
US-20150168424-A1,8.317644,Trabectedin,False,1890
US-11813279-B2,8.317644,Trabectedin,False,1890
EP-3744718-A1,8.317644,Trabectedin,False,1890
EP-2282739-A2,8.317644,Trabectedin,False,1890
CN-108524511-B,8.303562,Trabectedin,False,1890
US-20160051597-A1,8.294585,Trabectedin,False,1890
IN-2015KN03542-A,8.294585,Trabectedin,False,1890
CA-3206655-A1,8.294585,Trabectedin,False,1890
AU-2014240872-A1,8.294585,Trabectedin,False,1890
CN-104119350-A,8.294208,Trabectedin,False,1890
EP-3893913-B1,8.262494,Trabectedin,False,1890
US-8975282-B2,8.246765,Trabectedin,False,1890
US-8969388-B1,8.246765,Trabectedin,False,1890
US-20150050239-A1,8.246765,Trabectedin,False,1890
CA-2876246-C,8.246765,Trabectedin,False,1890
AU-2018351006-B2,8.246765,Trabectedin,False,1890
KR-20240091157-A,8.244724,Trabectedin,False,1890
WO-2008076278-A4,8.2421,Trabectedin,False,1890
CN-103539777-B,8.2421,Trabectedin,False,1890
CA-2672828-A1,8.2421,Trabectedin,False,1890
EP-2879675-B1,8.237522,Trabectedin,False,1890
WO-2014130375-A1,8.2204685,Trabectedin,False,1890
WO-2009143297-A1,8.2204685,Trabectedin,False,1890
US-9718841-B2,8.2204685,Trabectedin,False,1890
US-20170183358-A1,8.2204685,Trabectedin,False,1890
US-20160168099-A1,8.2204685,Trabectedin,False,1890
US-20150299219-A1,8.2204685,Trabectedin,False,1890
US-20110212927-A1,8.2204685,Trabectedin,False,1890
EP-2958564-A1,8.2204685,Trabectedin,False,1890
EP-2291084-A1,8.2204685,Trabectedin,False,1890
CN-120676961-A,8.2204685,Trabectedin,False,1890
AU-2012249646-B2,8.2204685,Trabectedin,False,1890
US-20180369375-A1,8.214792,Trabectedin,False,1890
WO-2018109212-A1,8.212486,Trabectedin,False,1890
US-20190330703-A1,8.212486,Trabectedin,False,1890
US-20190323090-A1,8.212486,Trabectedin,False,1890
IN-201917028328-A,8.212486,Trabectedin,False,1890
IN-201917028327-A,8.212486,Trabectedin,False,1890
EP-3555309-A1,8.212486,Trabectedin,False,1890
CA-3047202-A1,8.212486,Trabectedin,False,1890
AU-2017378196-A1,8.212486,Trabectedin,False,1890
WO-2020168126-A1,8.207954,Trabectedin,False,1890
US-11591328-B2,8.207954,Trabectedin,False,1890
SG-11202108896U-A,8.207954,Trabectedin,False,1890
IN-202117041510-A,8.207954,Trabectedin,False,1890
EP-3923981-A1,8.207954,Trabectedin,False,1890
EP-2405270-A1,8.207954,Trabectedin,False,1890
AU-2020221280-A1,8.207954,Trabectedin,False,1890
EP-2405270-B1,8.206558,Trabectedin,False,1890
US-20090226431-A1,8.200722,Trabectedin,False,1890
WO-2023178179-A2,8.187312,Trabectedin,False,1890
WO-2019002869-A1,8.187312,Trabectedin,False,1890
WO-2014160950-A1,8.187312,Trabectedin,False,1890
WO-2013138210-A1,8.187312,Trabectedin,False,1890
US-20250154170-A1,8.187312,Trabectedin,False,1890
US-20210145832-A1,8.187312,Trabectedin,False,1890
US-20210087229-A1,8.187312,Trabectedin,False,1890
US-20190192514-A1,8.187312,Trabectedin,False,1890
US-20180147202-A1,8.187312,Trabectedin,False,1890
US-20170312339-A1,8.187312,Trabectedin,False,1890
KR-102614058-B1,8.187312,Trabectedin,False,1890
IL-309994-A,8.187312,Trabectedin,False,1890
EP-4493220-A2,8.187312,Trabectedin,False,1890
EP-2988760-A1,8.187312,Trabectedin,False,1890
CA-2908508-A1,8.187312,Trabectedin,False,1890
AU-2023234543-A1,8.187312,Trabectedin,False,1890
WO-2024049982-A2,8.17108,Trabectedin,False,1890
EP-4580632-A2,8.17108,Trabectedin,False,1890
CN-104650049-A,8.163887,Trabectedin,False,1890
HK-1208341-B,8.150337,Trabectedin,False,1890
HK-1208341-A1,8.150337,Trabectedin,False,1890
EP-2879677-B1,8.150337,Trabectedin,False,1890
WO-2015073109-A1,8.13561,Trabectedin,False,1890
US-20210154200-A1,8.13561,Trabectedin,False,1890
US-20160264574-A1,8.13561,Trabectedin,False,1890
IN-201617020000-A,8.13561,Trabectedin,False,1890
EP-3068401-A1,8.13561,Trabectedin,False,1890
CA-3204925-A1,8.13561,Trabectedin,False,1890
CA-2930535-A1,8.13561,Trabectedin,False,1890
AU-2024278350-A1,8.13561,Trabectedin,False,1890
AU-2022203043-A1,8.13561,Trabectedin,False,1890
AU-2020200875-A1,8.13561,Trabectedin,False,1890
AU-2014349150-A1,8.13561,Trabectedin,False,1890
WO-2020124043-A1,8.134155,Trabectedin,False,1890
AU-2013309143-A1,8.134155,Trabectedin,False,1890
US-20230173295-A1,8.130921,Trabectedin,False,1890
TW-I724048-B,8.130921,Trabectedin,False,1890
MD-3827845-T2,8.130921,Trabectedin,False,1890
EP-3827845-A1,8.130921,Trabectedin,False,1890
AU-2016350717-B2,8.130921,Trabectedin,False,1890
WO-2025073290-A1,8.111311,Trabectedin,False,1890
WO-2020118265-A2,8.10201,Trabectedin,False,1890
US-20220017476-A1,8.10201,Trabectedin,False,1890
US-20200165572-A1,8.10201,Trabectedin,False,1890
US-20170115275-A1,8.10201,Trabectedin,False,1890
US-20160045556-A1,8.10201,Trabectedin,False,1890
CA-3130391-A1,8.10201,Trabectedin,False,1890
WO-2025167978-A1,8.096884,Trabectedin,False,1890
CN-108524511-A,8.096884,Trabectedin,False,1890
CN-103965199-B,8.096884,Trabectedin,False,1890
AU-2015296322-B2,8.096884,Trabectedin,False,1890
TW-201444822-A,8.0832815,Trabectedin,False,1890
HK-40066320-A,8.072543,Trabectedin,False,1890
WO-2019079548-A1,8.043006,Trabectedin,False,1890
WO-2014022117-A1,8.043006,Trabectedin,False,1890
WO-2014022116-A2,8.043006,Trabectedin,False,1890
US-20200283520-A1,8.043006,Trabectedin,False,1890
US-20150037280-A1,8.043006,Trabectedin,False,1890
EP-3697817-A1,8.043006,Trabectedin,False,1890
EP-2918589-A1,8.043006,Trabectedin,False,1890
EP-2879677-A2,8.043006,Trabectedin,False,1890
EP-2879676-A1,8.043006,Trabectedin,False,1890
DK-2456444-T3,8.043006,Trabectedin,False,1890
CA-3078253-A1,8.043006,Trabectedin,False,1890
AU-2018351006-A1,8.043006,Trabectedin,False,1890
WO-2023178202-A2,8.029881,Trabectedin,False,1890
WO-2022029782-A1,8.029881,Trabectedin,False,1890
US-20250332274-A1,8.029881,Trabectedin,False,1890
US-20250241923-A1,8.029881,Trabectedin,False,1890
EP-4192430-A1,8.029881,Trabectedin,False,1890
BR-PI0720924-A2,8.029881,Trabectedin,False,1890
AU-2023260858-A1,8.029881,Trabectedin,False,1890
AU-2023236291-A1,8.029881,Trabectedin,False,1890
AU-2018226488-B2,8.029881,Trabectedin,False,1890
WO-2018109217-A1,8.010807,Trabectedin,False,1890
NZ-795462-A,8.010807,Trabectedin,False,1890
EP-3555308-A1,8.010807,Trabectedin,False,1890
CA-3047208-A1,8.010807,Trabectedin,False,1890
AU-2017375038-A1,8.010807,Trabectedin,False,1890
US-20220267329-A1,8.010542,Trabectedin,False,1890
TW-I549954-B,8.010542,Trabectedin,False,1890
NZ-616198-B2,8.010542,Trabectedin,False,1890
NZ-616198-A,8.010542,Trabectedin,False,1890
IN-201847021832-A,8.010542,Trabectedin,False,1890
CN-103420986-A,8.010542,Trabectedin,False,1890
WO-2015164161-A1,8.009446,Trabectedin,False,1890
WO-2013048345-A1,8.009446,Trabectedin,False,1890
US-20190209549-A1,8.009446,Trabectedin,False,1890
US-20180028686-A1,8.009446,Trabectedin,False,1890
EP-3134088-A1,8.009446,Trabectedin,False,1890
EP-2760457-A1,8.009446,Trabectedin,False,1890
AU-2014219256-A1,8.009446,Trabectedin,False,1890
US-11639335-B2,8.006217,Trabectedin,False,1890
CN-103387535-A,8.006217,Trabectedin,False,1890
HK-1202118-B,7.998316,Trabectedin,False,1890
EP-2032989-B2,7.998316,Trabectedin,False,1890
EP-2032989-B1,7.998316,Trabectedin,False,1890
WO-2023243865-A1,7.983374,Trabectedin,False,1890
WO-2023152255-A1,7.983374,Trabectedin,False,1890
WO-2012153269-A2,7.983374,Trabectedin,False,1890
US-11512083-B2,7.983374,Trabectedin,False,1890
EP-4476221-A1,7.983374,Trabectedin,False,1890
EP-2706912-A2,7.983374,Trabectedin,False,1890
CA-2908508-C,7.983374,Trabectedin,False,1890
WO-2022246065-A1,7.975343,Trabectedin,False,1890
WO-2018009525-A1,7.9659004,Trabectedin,False,1890
IN-201917004339-A,7.9659004,Trabectedin,False,1890
EP-3481431-A1,7.9659004,Trabectedin,False,1890
CA-3029908-A1,7.9659004,Trabectedin,False,1890
AU-2017292772-A1,7.9659004,Trabectedin,False,1890
WO-2022264124-A2,7.929055,Trabectedin,False,1890
US-20220098367-A1,7.929055,Trabectedin,False,1890
US-20210047467-A1,7.929055,Trabectedin,False,1890
US-20150010475-A1,7.929055,Trabectedin,False,1890
US-11225551-B2,7.929055,Trabectedin,False,1890
EP-4355307-A2,7.929055,Trabectedin,False,1890
EP-3753966-A1,7.929055,Trabectedin,False,1890
IN-202347037942-A,7.9160433,Trabectedin,False,1890
AU-2013345107-A1,7.9160433,Trabectedin,False,1890
WO-2016015598-A1,7.9033265,Trabectedin,False,1890
WO-2016015597-A1,7.9033265,Trabectedin,False,1890
US-9828373-B2,7.9033265,Trabectedin,False,1890
US-20170121323-A1,7.9033265,Trabectedin,False,1890
CN-104016979-A,7.9033265,Trabectedin,False,1890
CN-103965199-A,7.9033265,Trabectedin,False,1890
AU-2015296322-A1,7.9033265,Trabectedin,False,1890
WO-2025073045-A1,7.90061,Trabectedin,False,1890
WO-2014160967-A9,7.90061,Trabectedin,False,1890
WO-2014160967-A2,7.90061,Trabectedin,False,1890
TW-I757369-B,7.90061,Trabectedin,False,1890
TW-201907896-A,7.90061,Trabectedin,False,1890
GB-2583606-A,7.90061,Trabectedin,False,1890
EP-3891132-A2,7.90061,Trabectedin,False,1890
WO-2016089928-A1,7.8860345,Trabectedin,False,1890
JP-7693948-B2,7.885737,Trabectedin,False,1890
EP-4663205-A1,7.885737,Trabectedin,False,1890
WO-2025016899-A1,7.85212,Trabectedin,False,1890
CA-2876246-A1,7.85212,Trabectedin,False,1890
HK-40042577-B,7.833395,Trabectedin,False,1890
HK-40042577-A,7.833395,Trabectedin,False,1890
EP-3827845-B1,7.833395,Trabectedin,False,1890
EP-3753966-B1,7.833395,Trabectedin,False,1890
WO-2025007955-A1,7.831618,Trabectedin,False,1890
WO-2023209634-A1,7.831618,Trabectedin,False,1890
EP-4504205-A1,7.831618,Trabectedin,False,1890
EP-4493222-A2,7.831618,Trabectedin,False,1890
CN-103539777-A,7.831618,Trabectedin,False,1890
CA-2818813-C,7.831618,Trabectedin,False,1890
AU-2009323009-B2,7.831618,Trabectedin,False,1890
US-20220064118-A1,7.823543,Trabectedin,False,1890
CN-103626765-A,7.823543,Trabectedin,False,1890
AU-2015217788-B2,7.823543,Trabectedin,False,1890
WO-2017106129-A1,7.819291,Trabectedin,False,1890
US-10065934-B2,7.819291,Trabectedin,False,1890
TW-201249847-A,7.819291,Trabectedin,False,1890
EP-3399989-A1,7.819291,Trabectedin,False,1890
CA-3008244-A1,7.819291,Trabectedin,False,1890
US-20240317884-A1,7.812271,Trabectedin,False,1890
KR-20220088896-A,7.812271,Trabectedin,False,1890
US-20200392131-A1,7.7924504,Trabectedin,False,1890
US-20130017210-A1,7.7924504,Trabectedin,False,1890
US-10730870-B2,7.7924504,Trabectedin,False,1890
AU-2016232705-B2,7.7924504,Trabectedin,False,1890
WO-2023004364-A2,7.7916427,Trabectedin,False,1890
WO-2014146575-A1,7.7916427,Trabectedin,False,1890
US-20160046721-A1,7.7916427,Trabectedin,False,1890
EP-2976362-A1,7.7916427,Trabectedin,False,1890
AU-2019215157-B2,7.7916427,Trabectedin,False,1890
WO-2025242184-A1,7.7802367,Trabectedin,False,1890
WO-2025242182-A1,7.7802367,Trabectedin,False,1890
US-20110097340-A1,7.7802367,Trabectedin,False,1890
WO-2025046537-A1,7.740058,Trabectedin,False,1890
WO-2025046272-A1,7.740058,Trabectedin,False,1890
WO-2021216957-A1,7.740058,Trabectedin,False,1890
MY-202415-A,7.740058,Trabectedin,False,1890
WO-2022103856-A1,7.7328672,Trabectedin,False,1890
US-20240016944-A1,7.7328672,Trabectedin,False,1890
TW-201422615-A,7.7328672,Trabectedin,False,1890
KR-102148679-B1,7.7328672,Trabectedin,False,1890
GB-2515530-A,7.7328672,Trabectedin,False,1890
EP-4243874-A1,7.7328672,Trabectedin,False,1890
CN-104755085-A,7.7328672,Trabectedin,False,1890
CA-3198138-A1,7.7328672,Trabectedin,False,1890
AU-2021377232-A9,7.7328672,Trabectedin,False,1890
AU-2021377232-A1,7.7328672,Trabectedin,False,1890
US-20210070712-A1,7.7216816,Trabectedin,False,1890
US-10792373-B2,7.7216816,Trabectedin,False,1890
EP-3172214-A1,7.7216816,Trabectedin,False,1890
CN-105384695-A,7.7216816,Trabectedin,False,1890
CA-2954189-A1,7.7216816,Trabectedin,False,1890
CN-103319468-A,7.71208,Trabectedin,False,1890
IN-2015CN01040-A,7.672923,Trabectedin,False,1890
AU-2024264049-A1,7.672923,Trabectedin,False,1890
AU-2013296897-B2,7.672923,Trabectedin,False,1890
US-20170275252-A1,7.6516533,Trabectedin,False,1890
US-20140308342-A1,7.6516533,Trabectedin,False,1890
HK-40035098-B,7.6503534,Trabectedin,False,1890
HK-40035098-A,7.6503534,Trabectedin,False,1890
HK-1260149-B,7.6503534,Trabectedin,False,1890
HK-1260149-A1,7.6503534,Trabectedin,False,1890
EP-3370770-B1,7.6503534,Trabectedin,False,1890
WO-2021173180-A1,7.645978,Trabectedin,False,1890
US-20240151725-A1,7.645978,Trabectedin,False,1890
US-20210263032-A1,7.645978,Trabectedin,False,1890
US-12485178-B2,7.645978,Trabectedin,False,1890
NZ-578329-A,7.645978,Trabectedin,False,1890
EP-4110351-A1,7.645978,Trabectedin,False,1890
CA-3173265-A1,7.645978,Trabectedin,False,1890
AU-2020431760-A1,7.645978,Trabectedin,False,1890
US-20220241261-A1,7.6398354,Trabectedin,False,1890
US-20180289685-A1,7.6398354,Trabectedin,False,1890
US-20170114032-A1,7.6398354,Trabectedin,False,1890
JP-2021510701-A,7.6398354,Trabectedin,False,1890
EP-4074317-A1,7.6398354,Trabectedin,False,1890
EP-3195865-A1,7.6398354,Trabectedin,False,1890
AU-2015291522-B2,7.6398354,Trabectedin,False,1890
WO-2018187287-A1,7.6276245,Trabectedin,False,1890
US-20140050696-A1,7.6276245,Trabectedin,False,1890
TW-I620749-B,7.6276245,Trabectedin,False,1890
HK-40068646-B,7.6276245,Trabectedin,False,1890
HK-40068646-A,7.6276245,Trabectedin,False,1890
EP-3947375-B1,7.6276245,Trabectedin,False,1890
HK-40094126-A,7.6211166,Trabectedin,False,1890
EP-4253377-A1,7.6211166,Trabectedin,False,1890
WO-2014206466-A1,7.6133347,Trabectedin,False,1890
EP-3013974-A1,7.6133347,Trabectedin,False,1890
AU-2016232705-C1,7.6133347,Trabectedin,False,1890
JP-2024542139-A,7.582275,Trabectedin,False,1890
EP-3105209-B1,7.579295,Trabectedin,False,1890
HK-1232224-B,7.5556226,Trabectedin,False,1890
HK-1232224-A1,7.5556226,Trabectedin,False,1890
EP-3169671-B1,7.5556226,Trabectedin,False,1890
WO-2016015604-A1,7.550881,Trabectedin,False,1890
US-20180049997-A1,7.550881,Trabectedin,False,1890
US-20200197433-A1,7.5352244,Trabectedin,False,1890
RS-58328-B1,7.5352244,Trabectedin,False,1890
WO-2024227119-A2,7.504376,Trabectedin,False,1890
WO-2015043492-A1,7.504376,Trabectedin,False,1890
US-20210041441-A1,7.504376,Trabectedin,False,1890
WO-2013070688-A1,7.4896197,Trabectedin,False,1890
US-10179770-B2,7.4717927,Trabectedin,False,1890
TW-201408667-A,7.4717927,Trabectedin,False,1890
AU-2016270442-C1,7.4717927,Trabectedin,False,1890
AU-2016270442-B2,7.4717927,Trabectedin,False,1890
WO-2016174183-A1,7.471117,Trabectedin,False,1890
US-20190388410-A1,7.471117,Trabectedin,False,1890
EP-3288558-A1,7.471117,Trabectedin,False,1890
CA-2984259-A1,7.471117,Trabectedin,False,1890
US-20240390868-A1,7.4561644,Trabectedin,False,1890
US-20230339988-A1,7.4561644,Trabectedin,False,1890
TW-201443049-A,7.4543476,Trabectedin,False,1890
CA-3200498-A1,7.4497647,Trabectedin,False,1890
AU-2021389190-A9,7.4497647,Trabectedin,False,1890
AU-2021389190-A1,7.4497647,Trabectedin,False,1890
IL-319363-A,7.444965,Trabectedin,False,1890
AU-2018310983-B2,7.444965,Trabectedin,False,1890
CN-109867672-B,7.4415455,Trabectedin,False,1890
CN-109867672-A,7.4415455,Trabectedin,False,1890
HK-1213257-B,7.429369,Trabectedin,False,1890
HK-1213257-A1,7.429369,Trabectedin,False,1890
EP-2918589-B1,7.429369,Trabectedin,False,1890
WO-2022020720-A9,7.421326,Trabectedin,False,1890
WO-2022020720-A1,7.421326,Trabectedin,False,1890
EP-4185326-A1,7.421326,Trabectedin,False,1890
WO-2016015605-A1,7.389982,Trabectedin,False,1890
WO-2018115888-A1,7.3813553,Trabectedin,False,1890
US-20220096518-A1,7.368992,Trabectedin,False,1890
US-20190314359-A1,7.368992,Trabectedin,False,1890
US-10722505-B2,7.368992,Trabectedin,False,1890
MY-193740-A,7.368992,Trabectedin,False,1890
DK-3212629-T3,7.368992,Trabectedin,False,1890
AU-2013296897-A1,7.3455544,Trabectedin,False,1890
EP-2994467-B1,7.337857,Trabectedin,False,1890
US-10221140-B2,7.336618,Trabectedin,False,1890
HK-1217647-B,7.336618,Trabectedin,False,1890
EP-3555309-B1,7.3199825,Trabectedin,False,1890
EP-3555308-B1,7.3199825,Trabectedin,False,1890
WO-2020183307-A1,7.3121996,Trabectedin,False,1890
WO-2016008433-A1,7.3121996,Trabectedin,False,1890
JP-2021510701-A5,7.3121996,Trabectedin,False,1890
IN-201747005040-A,7.3121996,Trabectedin,False,1890
EP-3169671-A1,7.3121996,Trabectedin,False,1890
CA-2952083-A1,7.3121996,Trabectedin,False,1890
AU-2015291522-A1,7.3121996,Trabectedin,False,1890
US-12364766-B2,7.3080325,Trabectedin,False,1890
TW-200840583-A,7.3080325,Trabectedin,False,1890
CN-104211692-B,7.3080325,Trabectedin,False,1890
JP-2013531067-A,7.302589,Trabectedin,False,1890
AU-2024258943-A1,7.302589,Trabectedin,False,1890
HK-1203509-A1,7.2914233,Trabectedin,False,1890
ID-P202305014-A,7.28855,Trabectedin,False,1890
WO-2009055343-A2,7.2866607,Trabectedin,False,1890
EP-2212432-A2,7.2866607,Trabectedin,False,1890
CA-2702637-A1,7.2866607,Trabectedin,False,1890
WO-2019028281-A2,7.2864,Trabectedin,False,1890
WO-2016081603-A1,7.2864,Trabectedin,False,1890
US-20250205343-A1,7.2864,Trabectedin,False,1890
US-11299515-B2,7.2864,Trabectedin,False,1890
IN-202417075056-A,7.2864,Trabectedin,False,1890
EP-3661539-A2,7.2864,Trabectedin,False,1890
CA-3071835-A1,7.2864,Trabectedin,False,1890
AU-2018310983-A1,7.2864,Trabectedin,False,1890
HK-1170491-B,7.274785,Trabectedin,False,1890
HK-1170491-A1,7.274785,Trabectedin,False,1890
EP-2456444-B1,7.274785,Trabectedin,False,1890
KR-20150083833-A,7.2456145,Trabectedin,False,1890
WO-2023164455-A2,7.2390504,Trabectedin,False,1890
CA-3244259-A1,7.2390504,Trabectedin,False,1890
CA-3105541-C,7.2390504,Trabectedin,False,1890
WO-2022169634-A9,7.2381477,Trabectedin,False,1890
WO-2022169634-A1,7.2381477,Trabectedin,False,1890
WO-2010124009-A2,7.2381477,Trabectedin,False,1890
WO-2016067112-A1,7.2124524,Trabectedin,False,1890
VN-10032942-B,7.2124524,Trabectedin,False,1890
TN-2017000168-A1,7.2124524,Trabectedin,False,1890
NZ-731345-B2,7.2124524,Trabectedin,False,1890
NZ-731345-A,7.2124524,Trabectedin,False,1890
IN-201747015083-A,7.2124524,Trabectedin,False,1890
EP-3212629-A1,7.2124524,Trabectedin,False,1890
CA-2965262-A1,7.2124524,Trabectedin,False,1890
AU-2015338844-B2,7.2124524,Trabectedin,False,1890
AU-2015338844-A1,7.2124524,Trabectedin,False,1890
WO-2021063821-A1,7.191914,Trabectedin,False,1890
WO-2007064691-A1,7.191914,Trabectedin,False,1890
US-20220411381-A1,7.191914,Trabectedin,False,1890
KR-20160026984-A,7.191914,Trabectedin,False,1890
EP-4038054-A1,7.191914,Trabectedin,False,1890
EP-1968607-A1,7.191914,Trabectedin,False,1890
CA-2632903-A1,7.191914,Trabectedin,False,1890
KR-20190077476-A,7.162254,Trabectedin,False,1890
AU-2016291578-C1,7.162254,Trabectedin,False,1890
AU-2016291578-B2,7.162254,Trabectedin,False,1890
WO-2024217502-A1,7.157422,Trabectedin,False,1890
TW-201736375-A,7.157422,Trabectedin,False,1890
US-20190225673-A1,7.1537905,Trabectedin,False,1890
TW-202341978-A,7.1537905,Trabectedin,False,1890
CA-2988414-C,7.1537905,Trabectedin,False,1890
US-20200281932-A1,7.1379495,Trabectedin,False,1890
KR-102148681-B1,7.1379495,Trabectedin,False,1890
EP-2861572-B1,7.1379495,Trabectedin,False,1890
WO-2011116226-A2,7.13681,Trabectedin,False,1890
US-11767301-B2,7.13681,Trabectedin,False,1890
MX-2014004415-A,7.1307855,Trabectedin,False,1890
WO-2025250391-A1,7.0946345,Trabectedin,False,1890
HK-40126447-A,7.090934,Trabectedin,False,1890
WO-2024222960-A1,7.090531,Trabectedin,False,1890
CN-120659626-A,7.090531,Trabectedin,False,1890
EP-3302572-B3,7.08098,Trabectedin,False,1890
EP-3302572-B1,7.08098,Trabectedin,False,1890
WO-2015120150-A1,7.064782,Trabectedin,False,1890
US-11384104-B2,7.064782,Trabectedin,False,1890
KR-20210151788-A,7.064782,Trabectedin,False,1890
EP-3102191-A1,7.064782,Trabectedin,False,1890
CR-20170177-A,7.064782,Trabectedin,False,1890
CO-2017007325-A2,7.064782,Trabectedin,False,1890
HK-40044966-A,7.05485,Trabectedin,False,1890
HK-1217647-A1,7.05485,Trabectedin,False,1890
EP-3842437-A1,7.05485,Trabectedin,False,1890
WO-2021155295-A1,7.053907,Trabectedin,False,1890
US-20230078601-A1,7.053907,Trabectedin,False,1890
EP-4097143-A1,7.053907,Trabectedin,False,1890
CA-3165319-A1,7.053907,Trabectedin,False,1890
AU-2021214795-A1,7.053907,Trabectedin,False,1890
US-20180155332-A1,7.020541,Trabectedin,False,1890
US-10633374-B2,7.020541,Trabectedin,False,1890
JP-2019503674-A5,7.020541,Trabectedin,False,1890
HK-1195907-A1,7.020541,Trabectedin,False,1890
WO-2022006083-A1,7.019992,Trabectedin,False,1890
US-20230241000-A1,7.019992,Trabectedin,False,1890
KR-20200115591-A,7.019992,Trabectedin,False,1890
EP-4171605-A1,7.019992,Trabectedin,False,1890
WO-2018064611-A1,7.008259,Trabectedin,False,1890
WO-2014147611-A1,7.008259,Trabectedin,False,1890
US-20160280653-A1,7.008259,Trabectedin,False,1890
EP-3519436-A1,7.008259,Trabectedin,False,1890
EP-2976333-A1,7.008259,Trabectedin,False,1890
CA-3038552-A1,7.008259,Trabectedin,False,1890
BR-112024018921-A2,7.008259,Trabectedin,False,1890
AU-2017337073-A1,7.008259,Trabectedin,False,1890
AU-2014233757-B2,7.008259,Trabectedin,False,1890
US-20240050578-A1,6.995452,Trabectedin,False,1890
HK-40124130-A,6.995452,Trabectedin,False,1890
US-11213529-B2,6.993128,Trabectedin,False,1890
MX-2010012649-A,6.993128,Trabectedin,False,1890
KR-20150118102-A,6.993128,Trabectedin,False,1890
WO-2019084343-A1,6.964327,Trabectedin,False,1890
US-20200276322-A1,6.964327,Trabectedin,False,1890
IN-202517113297-A,6.964327,Trabectedin,False,1890
IL-324274-A,6.964327,Trabectedin,False,1890
EP-3688011-A1,6.964327,Trabectedin,False,1890
CA-2861066-C,6.964327,Trabectedin,False,1890
AU-2013207900-B2,6.964327,Trabectedin,False,1890
US-20230023537-A1,6.925249,Trabectedin,False,1890
SG-11202106295W-A,6.925249,Trabectedin,False,1890
MX-2010012064-A,6.925249,Trabectedin,False,1890
CA-2965262-C,6.925249,Trabectedin,False,1890
US-11179376-B2,6.9197006,Trabectedin,False,1890
IL-323835-A,6.9197006,Trabectedin,False,1890
WO-2019113449-A1,6.8864007,Trabectedin,False,1890
JP-2019503674-A,6.8864007,Trabectedin,False,1890
WO-2016197032-A1,6.87072,Trabectedin,False,1890
IN-201747047380-A,6.87072,Trabectedin,False,1890
EP-3302572-A1,6.87072,Trabectedin,False,1890
CA-2988414-A1,6.87072,Trabectedin,False,1890
CA-2902734-A1,6.87072,Trabectedin,False,1890
BR-112017025975-A2,6.87072,Trabectedin,False,1890
AU-2016270442-A1,6.87072,Trabectedin,False,1890
WO-2024155565-A2,6.869802,Trabectedin,False,1890
EP-4651871-A2,6.869802,Trabectedin,False,1890
AU-2024210894-A1,6.869802,Trabectedin,False,1890
WO-2022159624-A1,6.8616667,Trabectedin,False,1890
WO-2016149668-A1,6.8616667,Trabectedin,False,1890
WO-2013170147-A1,6.8616667,Trabectedin,False,1890
US-20240103011-A1,6.8616667,Trabectedin,False,1890
US-20230183209-A1,6.8616667,Trabectedin,False,1890
US-20160272639-A1,6.8616667,Trabectedin,False,1890
IN-201737033221-A,6.8616667,Trabectedin,False,1890
EP-4281770-A1,6.8616667,Trabectedin,False,1890
EP-3270917-A1,6.8616667,Trabectedin,False,1890
EP-2846784-A1,6.8616667,Trabectedin,False,1890
CA-2979070-A1,6.8616667,Trabectedin,False,1890
BR-112017019751-A2,6.8616667,Trabectedin,False,1890
AU-2016232705-A1,6.8616667,Trabectedin,False,1890
KR-102548547-B1,6.857471,Trabectedin,False,1890
EP-3212629-B1,6.857471,Trabectedin,False,1890
WO-2019048527-A1,6.8562465,Trabectedin,False,1890
IN-202017010397-A,6.8562465,Trabectedin,False,1890
IN-201917004343-A,6.8562465,Trabectedin,False,1890
EP-3678644-A1,6.8562465,Trabectedin,False,1890
EP-3498266-A1,6.8562465,Trabectedin,False,1890
CA-3074890-A1,6.8562465,Trabectedin,False,1890
AU-2018328812-A1,6.8562465,Trabectedin,False,1890
HK-1190632-A,6.8277383,Trabectedin,False,1890
WO-2017079150-A1,6.818481,Trabectedin,False,1890
WO-2013103614-A1,6.818481,Trabectedin,False,1890
US-20170121417-A1,6.818481,Trabectedin,False,1890
US-20170121414-A1,6.818481,Trabectedin,False,1890
TW-202515539-A,6.818481,Trabectedin,False,1890
EP-3370770-A1,6.818481,Trabectedin,False,1890
CA-3004152-A1,6.818481,Trabectedin,False,1890
BR-112018008901-A2,6.818481,Trabectedin,False,1890
EP-2976333-B1,6.805638,Trabectedin,False,1890
WO-2024033896-A1,6.7931976,Trabectedin,False,1890
WO-2020132560-A2,6.7931976,Trabectedin,False,1890
IN-202117031715-A,6.7931976,Trabectedin,False,1890
EP-3897854-A2,6.7931976,Trabectedin,False,1890
CA-3124408-A1,6.7931976,Trabectedin,False,1890
BR-112017027445-A2,6.7931976,Trabectedin,False,1890
AU-2019403445-A2,6.7931976,Trabectedin,False,1890
AU-2019403445-A1,6.7931976,Trabectedin,False,1890
AR-117737-A1,6.7931976,Trabectedin,False,1890
WO-2021121647-A1,6.7659936,Trabectedin,False,1890
EP-4077341-A1,6.7659936,Trabectedin,False,1890
KR-20190039115-A,6.746279,Trabectedin,False,1890
HK-40102168-A,6.7405343,Trabectedin,False,1890
AU-2020294327-A1,6.7405343,Trabectedin,False,1890
AU-2014233757-A1,6.7405343,Trabectedin,False,1890
WO-2018009534-A1,6.72667,Trabectedin,False,1890
US-20190314521-A1,6.72667,Trabectedin,False,1890
EP-3481956-A1,6.72667,Trabectedin,False,1890
CA-3029860-A1,6.72667,Trabectedin,False,1890
AU-2023266246-A1,6.72667,Trabectedin,False,1890
AU-2017292667-A1,6.72667,Trabectedin,False,1890
WO-2023091316-A1,6.707692,Trabectedin,False,1890
EP-4434036-A1,6.707692,Trabectedin,False,1890
US-20250129049-A1,6.673697,Trabectedin,False,1890
HK-40115947-A,6.673697,Trabectedin,False,1890
EP-4455134-A1,6.673697,Trabectedin,False,1890
AU-2022421580-A1,6.673697,Trabectedin,False,1890
US-20200222376-A1,6.6715913,Trabectedin,False,1890
HK-40029255-B,6.6715913,Trabectedin,False,1890
CN-104447701-A,6.6715913,Trabectedin,False,1890
WO-2025207643-A1,6.6385326,Trabectedin,False,1890
WO-2017023994-A1,6.6385326,Trabectedin,False,1890
US-20200353107-A1,6.6385326,Trabectedin,False,1890
IN-202517042676-A,6.6385326,Trabectedin,False,1890
IL-322039-A,6.634084,Trabectedin,False,1890
AU-2022271368-A1,6.6145,Trabectedin,False,1890
AU-2020273338-A1,6.6145,Trabectedin,False,1890
TW-202114684-A,6.5737085,Trabectedin,False,1890
KR-20250155017-A,6.5737085,Trabectedin,False,1890
WO-2016205738-A2,6.549257,Trabectedin,False,1890
US-20190002484-A1,6.549257,Trabectedin,False,1890
IN-201747044938-A,6.549257,Trabectedin,False,1890
IL-256371-A,6.549257,Trabectedin,False,1890
EP-3310800-A2,6.549257,Trabectedin,False,1890
WO-2010091637-A1,6.53646,Trabectedin,False,1890
EP-2396034-A1,6.53646,Trabectedin,False,1890
US-20170290914-A1,6.5155005,Trabectedin,False,1890
US-20170267759-A1,6.5155005,Trabectedin,False,1890
TN-2017000025-A1,6.5155005,Trabectedin,False,1890
IR-95932-B,6.5155005,Trabectedin,False,1890
HK-40045378-A,6.5155005,Trabectedin,False,1890
EP-3834842-A1,6.5155005,Trabectedin,False,1890
CN-106279128-A,6.5155005,Trabectedin,False,1890
CA-3082655-A1,6.5155005,Trabectedin,False,1890
AU-2022261141-A1,6.5155005,Trabectedin,False,1890
AU-2020230256-A1,6.5155005,Trabectedin,False,1890
AU-2018278910-A1,6.5155005,Trabectedin,False,1890
AU-2015305770-A1,6.5155005,Trabectedin,False,1890
TW-200944233-A,6.499981,Trabectedin,False,1890
IN-202417073675-A,6.499981,Trabectedin,False,1890
WO-2019126739-A1,6.48721,Trabectedin,False,1890
KR-20240013743-A,6.48721,Trabectedin,False,1890
WO-2025080865-A1,6.480811,Trabectedin,False,1890
KR-20170032244-A,6.480811,Trabectedin,False,1890
CN-104761507-A,6.480811,Trabectedin,False,1890
WO-2019125967-A1,6.4473066,Trabectedin,False,1890
EP-3727379-A1,6.4473066,Trabectedin,False,1890
ID-P202500899-A,6.4448233,Trabectedin,False,1890
BR-112024012883-A2,6.4448233,Trabectedin,False,1890
HK-40044966-B,6.4201326,Trabectedin,False,1890
EP-3842437-B1,6.4201326,Trabectedin,False,1890
WO-2025147775-A1,6.414597,Trabectedin,False,1890
WO-2024095012-A1,6.414597,Trabectedin,False,1890
EP-4612132-A1,6.414597,Trabectedin,False,1890
AU-2023374965-A1,6.414597,Trabectedin,False,1890
WO-2018144649-A1,6.3912497,Trabectedin,False,1890
US-20210139436-A1,6.3912497,Trabectedin,False,1890
US-20180215731-A1,6.3912497,Trabectedin,False,1890
IN-202138038142-A,6.3912497,Trabectedin,False,1890
IN-201937034098-A,6.3912497,Trabectedin,False,1890
EP-3577109-A1,6.3912497,Trabectedin,False,1890
CA-3050309-A1,6.3912497,Trabectedin,False,1890
AU-2024219536-A1,6.3912497,Trabectedin,False,1890
HK-40050404-A,6.381301,Trabectedin,False,1890
WO-2023275617-A2,6.3636594,Trabectedin,False,1890
EP-4363861-A2,6.3636594,Trabectedin,False,1890
WO-2024229105-A1,6.352602,Trabectedin,False,1890
US-20210060040-A1,6.352602,Trabectedin,False,1890
TW-201726168-A,6.352602,Trabectedin,False,1890
WO-2023230233-A1,6.3289437,Trabectedin,False,1890
US-12410154-B2,6.3289437,Trabectedin,False,1890
EP-4532024-A1,6.3289437,Trabectedin,False,1890
CA-3257248-A1,6.3289437,Trabectedin,False,1890
AU-2016279051-A1,6.3289437,Trabectedin,False,1890
WO-2008116165-A9,6.3280187,Trabectedin,False,1890
WO-2008116165-A2,6.3280187,Trabectedin,False,1890
US-20080066741-A1,6.3280187,Trabectedin,False,1890
AU-2024265518-A1,6.325679,Trabectedin,False,1890
HK-40025387-B,6.3244596,Trabectedin,False,1890
HK-40025387-A,6.3244596,Trabectedin,False,1890
HK-1190718-A,6.3244596,Trabectedin,False,1890
EP-3652172-B1,6.3244596,Trabectedin,False,1890
WO-2022226355-A2,6.306124,Trabectedin,False,1890
WO-2016028672-A1,6.306124,Trabectedin,False,1890
EP-4326286-A2,6.306124,Trabectedin,False,1890
EP-3182999-A1,6.306124,Trabectedin,False,1890
CA-2957275-A1,6.306124,Trabectedin,False,1890
US-20160058872-A1,6.282662,Trabectedin,False,1890
US-20100150829-A1,6.282662,Trabectedin,False,1890
CN-104211692-A,6.282662,Trabectedin,False,1890
WO-2016054225-A1,6.2708426,Trabectedin,False,1890
CA-3069773-A1,6.2708426,Trabectedin,False,1890
WO-2024130344-A1,6.243571,Trabectedin,False,1890
WO-2024033895-A2,6.243571,Trabectedin,False,1890
EP-4638443-A1,6.243571,Trabectedin,False,1890
CN-121127237-A,6.243571,Trabectedin,False,1890
WO-2024107759-A2,6.1886034,Trabectedin,False,1890
US-20230097887-A1,6.1886034,Trabectedin,False,1890
EP-4619027-A2,6.1886034,Trabectedin,False,1890
AU-2023379451-A1,6.1886034,Trabectedin,False,1890
AU-2020273338-B2,6.1886034,Trabectedin,False,1890
AU-2018215212-A1,6.1886034,Trabectedin,False,1890
AU-2019326633-B2,6.1734366,Trabectedin,False,1890
AU-2019326633-A1,6.1734366,Trabectedin,False,1890
US-20150307617-A1,6.137892,Trabectedin,False,1890
TW-I533883-B,6.1336255,Trabectedin,False,1890
US-20250242046-A1,6.128983,Trabectedin,False,1890
US-20230025065-A1,6.128983,Trabectedin,False,1890
AU-2016279051-B2,6.128983,Trabectedin,False,1890
US-20140356322-A1,6.0875683,Trabectedin,False,1890
NZ-795437-A,6.0875683,Trabectedin,False,1890
US-20150291562-A1,6.085366,Trabectedin,False,1890
IN-2015CN05661-A,6.085366,Trabectedin,False,1890
CA-2945975-A1,6.085366,Trabectedin,False,1890
BR-112016024016-A2,6.085366,Trabectedin,False,1890
AU-2019240589-A1,6.085366,Trabectedin,False,1890
AU-2015247817-A1,6.085366,Trabectedin,False,1890
US-20200121690-A1,6.074382,Trabectedin,False,1890
TW-202327610-A,6.0576844,Trabectedin,False,1890
EP-2879676-B1,6.0576844,Trabectedin,False,1890
TW-201701879-A,6.025882,Trabectedin,False,1890
AU-2018215212-B2,6.003836,Trabectedin,False,1890
CA-3110436-C,5.9991064,Trabectedin,False,1890
CA-3110436-A1,5.9991064,Trabectedin,False,1890
HK-1254624-B,5.990153,Trabectedin,False,1890
EP-3310800-B1,5.990153,Trabectedin,False,1890
WO-2025031307-A1,5.9548283,Trabectedin,False,1890
TW-202521546-A,5.9548283,Trabectedin,False,1890
AU-2024261935-A1,5.9455047,Trabectedin,False,1890
TW-202535351-A,5.9147215,Trabectedin,False,1890
WO-2019199816-A1,5.905448,Trabectedin,False,1890
WO-2015160845-A2,5.905448,Trabectedin,False,1890
IN-202238040110-A,5.905448,Trabectedin,False,1890
IN-202037042645-A,5.905448,Trabectedin,False,1890
EP-3131588-A2,5.905448,Trabectedin,False,1890
AU-2023285744-A1,5.905448,Trabectedin,False,1890
AU-2021236430-A1,5.905448,Trabectedin,False,1890
AU-2019251223-A1,5.905448,Trabectedin,False,1890
WO-2022094132-A1,5.8952003,Trabectedin,False,1890
WO-2019036043-A2,5.8952003,Trabectedin,False,1890
US-20230398077-A1,5.8952003,Trabectedin,False,1890
NZ-764814-B2,5.8952003,Trabectedin,False,1890
EP-4237091-A1,5.8952003,Trabectedin,False,1890
AU-2018299536-A1,5.8952003,Trabectedin,False,1890
IN-202417044978-A,5.8873997,Trabectedin,False,1890
IN-202517072186-A,5.8823915,Trabectedin,False,1890
JP-2024023277-A,5.8754716,Trabectedin,False,1890
WO-2025111482-A1,5.8420153,Trabectedin,False,1890
US-20190031650-A1,5.8387556,Trabectedin,False,1890
CO-2019009424-A2,5.8346806,Trabectedin,False,1890
CN-102307595-A,5.803703,Trabectedin,False,1890
WO-2010065079-A2,5.781128,Trabectedin,False,1890
US-20100129357-A1,5.781128,Trabectedin,False,1890
SG-171804-A1,5.781128,Trabectedin,False,1890
IN-2011KN02583-A,5.781128,Trabectedin,False,1890
EP-2367570-A2,5.781128,Trabectedin,False,1890
CA-2744400-A1,5.781128,Trabectedin,False,1890
AU-2013203804-A1,5.781128,Trabectedin,False,1890
AU-2009323009-A1,5.781128,Trabectedin,False,1890
CA-2989963-A1,5.779794,Trabectedin,False,1890
US-20170037004-A1,5.7559004,Trabectedin,False,1890
JP-2025501493-A5,5.7559004,Trabectedin,False,1890
IN-201847005140-A,5.7559004,Trabectedin,False,1890
CN-118382415-A,5.7559004,Trabectedin,False,1890
BR-112017028269-A2,5.7559004,Trabectedin,False,1890
AU-2022381111-A1,5.75518,Trabectedin,False,1890
US-20180228907-A1,5.740708,Trabectedin,False,1890
IL-302595-A,5.740708,Trabectedin,False,1890
EP-3774772-A1,5.740708,Trabectedin,False,1890
WO-2019011264-A1,5.731115,Trabectedin,False,1890
IL-282182-B2,5.731115,Trabectedin,False,1890
IL-282182-B1,5.731115,Trabectedin,False,1890
EP-3652172-A1,5.731115,Trabectedin,False,1890
WO-2017011371-A1,5.7000804,Trabectedin,False,1890
US-20170008904-A1,5.7000804,Trabectedin,False,1890
IN-201847004574-A,5.7000804,Trabectedin,False,1890
EP-3319944-A1,5.7000804,Trabectedin,False,1890
CA-2988430-A1,5.7000804,Trabectedin,False,1890
BR-112017028394-A2,5.7000804,Trabectedin,False,1890
AU-2016291578-A1,5.7000804,Trabectedin,False,1890
KR-20210046739-A,5.6907682,Trabectedin,False,1890
WO-2019199621-A1,5.679239,Trabectedin,False,1890
EP-3773729-A1,5.679239,Trabectedin,False,1890
CA-3134765-A1,5.679239,Trabectedin,False,1890
US-20190085066-A1,5.666428,Trabectedin,False,1890
JP-2017532059-A,5.666428,Trabectedin,False,1890
WO-2017162510-A1,5.6560655,Trabectedin,False,1890
WO-2024177907-A4,5.644519,Trabectedin,False,1890
KR-20170077160-A,5.6264496,Trabectedin,False,1890
WO-2023109836-A1,5.6094627,Trabectedin,False,1890
WO-2017011590-A1,5.6094627,Trabectedin,False,1890
JP-2025501493-A,5.6094627,Trabectedin,False,1890
EP-3322986-A1,5.6094627,Trabectedin,False,1890
CN-102086211-B,5.6094627,Trabectedin,False,1890
CA-2988436-A1,5.6094627,Trabectedin,False,1890
AU-2016294450-A1,5.6094627,Trabectedin,False,1890
US-20210145974-A1,5.5893035,Trabectedin,False,1890
AU-2020278592-A1,5.5863876,Trabectedin,False,1890
US-11998584-B2,5.580295,Trabectedin,False,1890
TW-201919636-A,5.580295,Trabectedin,False,1890
WO-2022219035-A1,5.5561852,Trabectedin,False,1890
US-20240247015-A1,5.5561852,Trabectedin,False,1890
EP-4322962-A1,5.5561852,Trabectedin,False,1890
CA-3216503-A1,5.5561852,Trabectedin,False,1890
AU-2022258751-A1,5.5561852,Trabectedin,False,1890
AU-2021201399-A1,5.5561852,Trabectedin,False,1890
WO-2007061529-A1,5.519461,Trabectedin,False,1890
US-20070116729-A1,5.519461,Trabectedin,False,1890
EP-1954244-A1,5.519461,Trabectedin,False,1890
CA-2628178-A1,5.519461,Trabectedin,False,1890
AU-2016250478-A1,5.484026,Trabectedin,False,1890
AU-2013203976-A1,5.484026,Trabectedin,False,1890
US-20220249594-A1,5.4757543,Trabectedin,False,1890
CA-3142960-C,5.4757543,Trabectedin,False,1890
CA-3142960-A1,5.4757543,Trabectedin,False,1890
WO-2025096638-A2,5.474016,Trabectedin,False,1890
WO-2021021761-A1,5.474016,Trabectedin,False,1890
US-20220387395-A1,5.474016,Trabectedin,False,1890
EP-4003965-A1,5.474016,Trabectedin,False,1890
AU-2020320195-A1,5.474016,Trabectedin,False,1890
WO-2020264398-A1,5.4527106,Trabectedin,False,1890
WO-2020236654-A1,5.4527106,Trabectedin,False,1890
WO-2020210508-A1,5.4527106,Trabectedin,False,1890
US-20220378839-A1,5.4527106,Trabectedin,False,1890
US-20200323904-A1,5.4527106,Trabectedin,False,1890
IN-202117058467-A,5.4527106,Trabectedin,False,1890
IN-202117050436-A,5.4527106,Trabectedin,False,1890
EP-3990117-A1,5.4527106,Trabectedin,False,1890
EP-3969447-A1,5.4527106,Trabectedin,False,1890
EP-3953346-A1,5.4527106,Trabectedin,False,1890
CA-3144450-A1,5.4527106,Trabectedin,False,1890
CA-3140873-A1,5.4527106,Trabectedin,False,1890
CA-3136348-A1,5.4527106,Trabectedin,False,1890
AU-2020303696-A1,5.4527106,Trabectedin,False,1890
AU-2020272937-A1,5.4527106,Trabectedin,False,1890
US-20230233689-A1,5.4496794,Trabectedin,False,1890
US-20230083388-A1,5.4496794,Trabectedin,False,1890
KR-20190039702-A,5.441194,Trabectedin,False,1890
HK-40048031-A,5.441194,Trabectedin,False,1890
EP-3848366-A1,5.441194,Trabectedin,False,1890
KR-20170031669-A,5.4230638,Trabectedin,False,1890
AU-2024203251-A1,5.403326,Trabectedin,False,1890
AU-2022221386-A1,5.403326,Trabectedin,False,1890
WO-2014153166-A2,5.3981123,Trabectedin,False,1890
US-20170107280-A1,5.3981123,Trabectedin,False,1890
US-20140271464-A1,5.3981123,Trabectedin,False,1890
WO-2024177907-A2,5.3785133,Trabectedin,False,1890
US-20210169896-A1,5.37396,Trabectedin,False,1890
IL-295117-A,5.37396,Trabectedin,False,1890
HK-1172896-B,5.37396,Trabectedin,False,1890
EP-2532657-B9,5.37396,Trabectedin,False,1890
EP-2532657-B1,5.37396,Trabectedin,False,1890
AU-2016350717-A1,5.37396,Trabectedin,False,1890
HK-1240587-A1,5.3542852,Trabectedin,False,1890
KR-20150132192-A,5.3205104,Trabectedin,False,1890
US-20230165931-A1,5.312498,Trabectedin,False,1890
IL-275274-B2,5.312498,Trabectedin,False,1890
IL-275274-B1,5.312498,Trabectedin,False,1890
IN-2008KN01852-A,5.274746,Trabectedin,False,1890
CN-119677539-A,5.274746,Trabectedin,False,1890
AU-2006317563-A1,5.274746,Trabectedin,False,1890
NZ-784102-B2,5.233959,Trabectedin,False,1890
NZ-784102-A,5.233959,Trabectedin,False,1890
KR-20210045400-A,5.233959,Trabectedin,False,1890
AU-2020301115-A1,5.233959,Trabectedin,False,1890
CA-3148769-A1,5.231489,Trabectedin,False,1890
WO-2011066371-A2,5.2302117,Trabectedin,False,1890
EP-2504031-A2,5.2302117,Trabectedin,False,1890
AU-2010324739-A1,5.2302117,Trabectedin,False,1890
AU-2020278592-B2,5.2131786,Trabectedin,False,1890
AU-2016371639-A1,5.1846366,Trabectedin,False,1890
WO-2014153117-A9,5.1663904,Trabectedin,False,1890
WO-2014153117-A2,5.1663904,Trabectedin,False,1890
US-20140271459-A1,5.1663904,Trabectedin,False,1890
EP-2964673-A2,5.1663904,Trabectedin,False,1890
CA-2904743-A1,5.1663904,Trabectedin,False,1890
JP-2020506922-A5,5.165909,Trabectedin,False,1890
JP-2020506922-A,5.165909,Trabectedin,False,1890
WO-2020006722-A1,5.138723,Trabectedin,False,1890
US-20240417437-A1,5.138723,Trabectedin,False,1890
IN-202117002418-A,5.138723,Trabectedin,False,1890
HK-1260131-A1,5.138723,Trabectedin,False,1890
EP-3818062-A1,5.138723,Trabectedin,False,1890
CA-3105541-A1,5.138723,Trabectedin,False,1890
AU-2018430758-A1,5.138723,Trabectedin,False,1890
IN-2012KN01385-A,5.0891705,Trabectedin,False,1890
AU-2023248067-A1,5.0891705,Trabectedin,False,1890
US-20200276261-A1,5.081974,Trabectedin,False,1890
IL-322637-A,5.081974,Trabectedin,False,1890
WO-2023052783-A1,5.0236177,Trabectedin,False,1890
WO-2020258893-A1,5.0236177,Trabectedin,False,1890
IN-202217001231-A,5.0236177,Trabectedin,False,1890
EP-4408845-A1,5.0236177,Trabectedin,False,1890
EP-3986476-A1,5.0236177,Trabectedin,False,1890
CA-3231728-A1,5.0236177,Trabectedin,False,1890
CN-102292106-B,5.010867,Trabectedin,False,1890
US-9016221-B2,5.0047255,Trabectedin,False,1890
CN-120166987-A,4.9772615,Trabectedin,False,1890
AU-2019455069-C1,4.9524097,Trabectedin,False,1890
MY-196189-A,4.9341497,Trabectedin,False,1890
JP-2025518126-A,4.916518,Trabectedin,False,1890
US-20230241241-A1,4.8814483,Trabectedin,False,1890
IL-317268-A,4.8814483,Trabectedin,False,1890
CA-3110474-C,4.8814483,Trabectedin,False,1890
CA-3110474-A1,4.8814483,Trabectedin,False,1890
AU-2019331993-B2,4.8814483,Trabectedin,False,1890
AU-2019331993-A1,4.8814483,Trabectedin,False,1890
US-20250339551-A1,4.851638,Trabectedin,False,1890
CA-3237677-A1,4.8471384,Trabectedin,False,1890
WO-2021259304-A1,4.8389673,Trabectedin,False,1890
EP-4168454-A1,4.8389673,Trabectedin,False,1890
CA-3184342-A1,4.8389673,Trabectedin,False,1890
AU-2021297923-A1,4.8389673,Trabectedin,False,1890
CN-114450271-B,4.835577,Trabectedin,False,1890
CN-114364670-B,4.8216715,Trabectedin,False,1890
AU-2020272937-B2,4.8216715,Trabectedin,False,1890
IL-297650-A,4.754611,Trabectedin,False,1890
KR-20250006309-A,4.7113686,Trabectedin,False,1890
KR-20240006008-A,4.7113686,Trabectedin,False,1890
KR-20220140042-A,4.7113686,Trabectedin,False,1890
KR-20210129280-A,4.7113686,Trabectedin,False,1890
KR-20160084469-A,4.7113686,Trabectedin,False,1890
CN-118480030-A,4.7113686,Trabectedin,False,1890
CN-112262134-A,4.7113686,Trabectedin,False,1890
HK-1165716-A,4.709547,Trabectedin,False,1890
WO-2020155017-A1,4.7054224,Trabectedin,False,1890
WO-2019127607-A1,4.7054224,Trabectedin,False,1890
VN-10045859-B,4.7054224,Trabectedin,False,1890
IN-202117036096-A,4.7054224,Trabectedin,False,1890
IN-202017026941-A,4.7054224,Trabectedin,False,1890
EP-3917576-A1,4.7054224,Trabectedin,False,1890
EP-3621652-A1,4.7054224,Trabectedin,False,1890
AU-2019426942-A1,4.7054224,Trabectedin,False,1890
AU-2017445144-A1,4.7054224,Trabectedin,False,1890
WO-2025247082-A1,4.6866436,Trabectedin,False,1890
WO-2025241603-A1,4.6866436,Trabectedin,False,1890
WO-2020257998-A1,4.6755714,Trabectedin,False,1890
IN-202217000382-A,4.6755714,Trabectedin,False,1890
IL-289134-A,4.6755714,Trabectedin,False,1890
EP-3986463-A1,4.6755714,Trabectedin,False,1890
AU-2019455069-A1,4.6755714,Trabectedin,False,1890
US-20100226943-A1,4.6596413,Trabectedin,False,1890
WO-2021212638-A1,4.5496645,Trabectedin,False,1890
IL-299001-A,4.5496645,Trabectedin,False,1890
EP-4168009-A1,4.5496645,Trabectedin,False,1890
AU-2020444233-A1,4.5496645,Trabectedin,False,1890
WO-2024239281-A1,4.5396976,Trabectedin,False,1890
EP-4642484-A1,4.5396976,Trabectedin,False,1890
AU-2023448948-A1,4.5396976,Trabectedin,False,1890
CN-114206855-A,4.5152082,Trabectedin,False,1890
CN-102292106-A,4.501319,Trabectedin,False,1890
CA-2818814-A1,4.501319,Trabectedin,False,1890
IN-202317065025-A,4.490698,Trabectedin,False,1890
CN-104744446-A,4.490698,Trabectedin,False,1890
WO-2023004368-A1,4.4542627,Trabectedin,False,1890
IL-310137-A,4.4542627,Trabectedin,False,1890
EP-4373847-A1,4.4542627,Trabectedin,False,1890
AU-2022314797-A1,4.4542627,Trabectedin,False,1890
US-20230010108-A1,4.410865,Trabectedin,False,1890
MY-195368-A,4.410865,Trabectedin,False,1890
KR-20210049895-A,4.410865,Trabectedin,False,1890
AU-2022205269-B2,4.410865,Trabectedin,False,1890
WO-2025241452-A1,4.4079924,Trabectedin,False,1890
WO-2023078021-A1,4.4079924,Trabectedin,False,1890
EP-4426741-A1,4.4079924,Trabectedin,False,1890
AU-2022383265-A1,4.4079924,Trabectedin,False,1890
US-20230115871-A1,4.3993807,Trabectedin,False,1890
TW-202216770-A,4.3993807,Trabectedin,False,1890
WO-2013106643-A2,4.3953676,Trabectedin,False,1890
IN-202018022204-A,4.3953676,Trabectedin,False,1890
EP-2802608-A2,4.3953676,Trabectedin,False,1890
CN-114450271-A,4.3953676,Trabectedin,False,1890
CA-2861066-A1,4.3953676,Trabectedin,False,1890
CN-114364670-A,4.3856544,Trabectedin,False,1890
CN-114364667-A,4.3856544,Trabectedin,False,1890
WO-2012071561-A2,4.367749,Trabectedin,False,1890
WO-2012071554-A2,4.367749,Trabectedin,False,1890
EP-2643018-A2,4.367749,Trabectedin,False,1890
EP-2643016-A2,4.367749,Trabectedin,False,1890
CA-2818813-A1,4.367749,Trabectedin,False,1890
AU-2019250228-A1,4.367749,Trabectedin,False,1890
AU-2017203536-A1,4.367749,Trabectedin,False,1890
AU-2011332817-A1,4.367749,Trabectedin,False,1890
AU-2011332810-A1,4.367749,Trabectedin,False,1890
TW-202304467-A,4.3620243,Trabectedin,False,1890
CA-3226100-A1,4.32738,Trabectedin,False,1890
AU-2018430758-B2,4.32738,Trabectedin,False,1890
IN-202248003277-A,4.3128242,Trabectedin,False,1890
CA-3095912-A1,4.2910748,Trabectedin,False,1890
WO-2023078273-A1,4.2892733,Trabectedin,False,1890
EP-4426729-A1,4.2892733,Trabectedin,False,1890
AU-2022381163-A1,4.2892733,Trabectedin,False,1890
WO-2025151135-A1,4.286398,Trabectedin,False,1890
MX-2011005411-A,4.2477217,Trabectedin,False,1890
WO-2024240173-A1,4.181711,Trabectedin,False,1890
WO-2022078524-A4,4.181711,Trabectedin,False,1890
WO-2022078524-A2,4.181711,Trabectedin,False,1890
EP-4642492-A1,4.181711,Trabectedin,False,1890
EP-4426727-A2,4.181711,Trabectedin,False,1890
AU-2024276090-A1,4.181711,Trabectedin,False,1890
AU-2021362997-A1,4.181711,Trabectedin,False,1890
WO-2025082461-A1,4.1741514,Trabectedin,False,1890
AU-2022205187-A1,4.1707067,Trabectedin,False,1890
AU-2020239664-A1,4.1707067,Trabectedin,False,1890
AU-2018201554-A1,4.1707067,Trabectedin,False,1890
WO-2023079294-A1,4.140829,Trabectedin,False,1890
IL-312558-A,4.140829,Trabectedin,False,1890
EP-4426681-A1,4.140829,Trabectedin,False,1890
CA-3236157-A1,4.140829,Trabectedin,False,1890
AU-2022380075-A1,4.140829,Trabectedin,False,1890
WO-2020073345-A1,4.1352158,Trabectedin,False,1890
EP-3867250-A1,4.1352158,Trabectedin,False,1890
WO-2012116277-A1,4.1092854,Trabectedin,False,1890
US-20170304327-A1,4.1092854,Trabectedin,False,1890
HK-1232864-A1,4.0764885,Trabectedin,False,1890
US-20230057350-A1,4.0724096,Trabectedin,False,1890
IN-202117020357-A,4.0724096,Trabectedin,False,1890
AU-2018445278-A1,4.0724096,Trabectedin,False,1890
TW-I756686-B,3.9887877,Trabectedin,False,1890
AU-2013207900-A1,3.9845743,Trabectedin,False,1890
MX-2012005927-A,3.9510145,Trabectedin,False,1890
TW-I600652-B,3.928563,Trabectedin,False,1890
CA-3085634-C,3.895049,Trabectedin,False,1890
AU-2022205269-A1,3.895049,Trabectedin,False,1890
AU-2018445278-B2,3.895049,Trabectedin,False,1890
TW-202108179-A,3.832035,Trabectedin,False,1890
SG-11202113022U-A,3.832035,Trabectedin,False,1890
AU-2020301115-B2,3.832035,Trabectedin,False,1890
IN-202417041852-A,3.8031178,Trabectedin,False,1890
HK-40100738-A,3.8031178,Trabectedin,False,1890
CN-110621673-A,3.646432,Trabectedin,False,1890
HK-40042237-A,3.621008,Trabectedin,False,1890
AU-2019426942-B2,3.6180906,Trabectedin,False,1890
TW-202430562-A,3.58568,Trabectedin,False,1890
AU-2019455069-B2,3.5825644,Trabectedin,False,1890
CN-118556074-A,3.5342102,Trabectedin,False,1890
CA-3128264-A1,3.5079021,Trabectedin,False,1890
CA-3085634-A1,3.5079021,Trabectedin,False,1890
AU-2022215217-B2,3.5079021,Trabectedin,False,1890
CA-3181660-A1,3.4117641,Trabectedin,False,1890
TW-202325288-A,3.3706741,Trabectedin,False,1890
US-20240282425-A1,3.3501577,Trabectedin,False,1890
FI-3674298-T3,3.3495626,Trabectedin,False,1890
CN-118317951-A,3.2931404,Trabectedin,False,1890
TW-201444868-A,3.2454348,Trabectedin,False,1890
TW-201438737-A,3.2454348,Trabectedin,False,1890
CA-3236852-A1,3.2454348,Trabectedin,False,1890
SG-11202103424U-A,3.185092,Trabectedin,False,1890
IN-2014KN01814-A,3.1381083,Trabectedin,False,1890
HK-1208875-A1,3.1201344,Trabectedin,False,1890
CA-3115741-A1,3.070506,Trabectedin,False,1890
IN-202418068739-A,3.0245228,Trabectedin,False,1890
CA-3144784-A1,3.0245228,Trabectedin,False,1890
AU-2015204572-B2,3.0245228,Trabectedin,False,1890
IN-2014KN01903-A,2.992838,Trabectedin,False,1890
IN-202417057020-A,2.9761248,Trabectedin,False,1890
IL-297545-A,2.967636,Trabectedin,False,1890
KR-20080067705-A,2.9537325,Trabectedin,False,1890
GC-0010846-A,2.9421825,Trabectedin,False,1890
IN-202417057026-A,2.868061,Trabectedin,False,1890
IN-202417057025-A,2.8439388,Trabectedin,False,1890
CA-3236754-A1,2.8106003,Trabectedin,False,1890
CA-3236930-A1,2.7112675,Trabectedin,False,1890
IN-202417104604-A,2.6700926,Trabectedin,False,1890
IN-202417103840-A,2.6592207,Trabectedin,False,1890
UY-37706-A,2.5982876,Trabectedin,False,1890
IN-202417103698-A,2.5425034,Trabectedin,False,1890
AU-2025242182-A1,2.5077744,Trabectedin,False,1890
