Institution,Year,Simplefamily_count
Universidad de Cadiz,1997,5
Universidad de Cadiz,1998,5
Universidad de Cadiz,1999,7
Universidad de Cadiz,2000,2
Universidad de Cadiz,2001,6
Universidad de Cadiz,2002,4
Universidad de Cadiz,2003,4
Universidad de Cadiz,2004,10
Universidad de Cadiz,2005,13
Universidad de Cadiz,2006,16
Universidad de Cadiz,2007,20
Universidad de Cadiz,2008,19
Universidad de Cadiz,2009,23
Universidad de Cadiz,2010,26
Universidad de Cadiz,2011,25
Universidad de Cadiz,2012,25
Universidad de Cadiz,2013,32
Universidad de Cadiz,2014,31
Universidad de Cadiz,2015,32
Universidad de Cadiz,2016,30
Universidad de Cadiz,2017,27
Universidad de Cadiz,2018,30
Universidad de Cadiz,2019,22
Universidad de Cadiz,2020,14
Universidad de Cadiz,2021,14
Universidad de Cadiz,2022,17
Universidad de Cadiz,2023,27
Universidad de Cadiz,2024,23
Universidad de Cadiz,2025,23
Universidad de Cadiz,2026,20
Universidad de Sevilla,1997,5
Universidad de Sevilla,1998,8
Universidad de Sevilla,1999,22
Universidad de Sevilla,2000,20
Universidad de Sevilla,2001,18
Universidad de Sevilla,2002,21
Universidad de Sevilla,2003,28
Universidad de Sevilla,2004,31
Universidad de Sevilla,2005,43
Universidad de Sevilla,2006,60
Universidad de Sevilla,2007,64
Universidad de Sevilla,2008,58
Universidad de Sevilla,2009,54
Universidad de Sevilla,2010,66
Universidad de Sevilla,2011,68
Universidad de Sevilla,2012,96
Universidad de Sevilla,2013,102
Universidad de Sevilla,2014,95
Universidad de Sevilla,2015,97
Universidad de Sevilla,2016,78
Universidad de Sevilla,2017,57
Universidad de Sevilla,2018,63
Universidad de Sevilla,2019,53
Universidad de Sevilla,2020,48
Universidad de Sevilla,2021,43
Universidad de Sevilla,2022,42
Universidad de Sevilla,2023,51
Universidad de Sevilla,2024,41
Universidad de Sevilla,2025,48
Universidad de Sevilla,2026,35
Universidad de Granada,1997,4
Universidad de Granada,1998,10
Universidad de Granada,1999,8
Universidad de Granada,2000,10
Universidad de Granada,2001,12
Universidad de Granada,2002,13
Universidad de Granada,2003,16
Universidad de Granada,2004,17
Universidad de Granada,2005,19
Universidad de Granada,2006,19
Universidad de Granada,2007,32
Universidad de Granada,2008,37
Universidad de Granada,2009,44
Universidad de Granada,2010,48
Universidad de Granada,2011,53
Universidad de Granada,2012,57
Universidad de Granada,2013,57
Universidad de Granada,2014,62
Universidad de Granada,2015,53
Universidad de Granada,2016,47
Universidad de Granada,2017,39
Universidad de Granada,2018,30
Universidad de Granada,2019,28
Universidad de Granada,2020,41
Universidad de Granada,2021,33
Universidad de Granada,2022,37
Universidad de Granada,2023,46
Universidad de Granada,2024,48
Universidad de Granada,2025,50
Universidad de Granada,2026,34
Universidad de Malaga,1996,1
Universidad de Malaga,1998,6
Universidad de Malaga,1999,10
Universidad de Malaga,2000,9
Universidad de Malaga,2001,5
Universidad de Malaga,2002,5
Universidad de Malaga,2003,13
Universidad de Malaga,2004,20
Universidad de Malaga,2005,23
Universidad de Malaga,2006,18
Universidad de Malaga,2007,15
Universidad de Malaga,2008,25
Universidad de Malaga,2009,33
Universidad de Malaga,2010,42
Universidad de Malaga,2011,44
Universidad de Malaga,2012,42
Universidad de Malaga,2013,42
Universidad de Malaga,2014,27
Universidad de Malaga,2015,33
Universidad de Malaga,2016,38
Universidad de Malaga,2017,28
Universidad de Malaga,2018,17
Universidad de Malaga,2019,19
Universidad de Malaga,2020,28
Universidad de Malaga,2021,32
Universidad de Malaga,2022,27
Universidad de Malaga,2023,26
Universidad de Malaga,2024,33
Universidad de Malaga,2025,38
Universidad de Malaga,2026,22
Universidad de Cordoba,1997,4
Universidad de Cordoba,1998,3
Universidad de Cordoba,1999,1
Universidad de Cordoba,2000,3
Universidad de Cordoba,2001,6
Universidad de Cordoba,2002,5
Universidad de Cordoba,2003,12
Universidad de Cordoba,2004,15
Universidad de Cordoba,2005,22
Universidad de Cordoba,2006,5
Universidad de Cordoba,2007,9
Universidad de Cordoba,2008,10
Universidad de Cordoba,2009,13
Universidad de Cordoba,2010,13
Universidad de Cordoba,2011,14
Universidad de Cordoba,2012,14
Universidad de Cordoba,2013,19
Universidad de Cordoba,2014,20
Universidad de Cordoba,2015,16
Universidad de Cordoba,2016,20
Universidad de Cordoba,2017,23
Universidad de Cordoba,2018,25
Universidad de Cordoba,2019,15
Universidad de Cordoba,2020,12
Universidad de Cordoba,2021,18
Universidad de Cordoba,2022,16
Universidad de Cordoba,2023,19
Universidad de Cordoba,2024,19
Universidad de Cordoba,2025,16
Universidad de Cordoba,2026,12
Universidad de Jaen,2000,1
Universidad de Jaen,2001,3
Universidad de Jaen,2002,3
Universidad de Jaen,2003,4
Universidad de Jaen,2004,5
Universidad de Jaen,2005,5
Universidad de Jaen,2006,5
Universidad de Jaen,2007,1
Universidad de Jaen,2008,5
Universidad de Jaen,2009,11
Universidad de Jaen,2010,13
Universidad de Jaen,2011,15
Universidad de Jaen,2012,20
Universidad de Jaen,2013,13
Universidad de Jaen,2014,23
Universidad de Jaen,2015,24
Universidad de Jaen,2016,23
Universidad de Jaen,2017,18
Universidad de Jaen,2018,16
Universidad de Jaen,2019,8
Universidad de Jaen,2020,10
Universidad de Jaen,2021,13
Universidad de Jaen,2022,13
Universidad de Jaen,2023,9
Universidad de Jaen,2024,9
Universidad de Jaen,2025,12
Universidad de Jaen,2026,8
Universidad de Huelva,2003,1
Universidad de Huelva,2004,2
Universidad de Huelva,2005,5
Universidad de Huelva,2006,10
Universidad de Huelva,2007,9
Universidad de Huelva,2008,7
Universidad de Huelva,2009,9
Universidad de Huelva,2010,9
Universidad de Huelva,2011,16
Universidad de Huelva,2012,19
Universidad de Huelva,2013,16
Universidad de Huelva,2014,11
Universidad de Huelva,2015,16
Universidad de Huelva,2016,17
Universidad de Huelva,2017,12
Universidad de Huelva,2018,14
Universidad de Huelva,2019,8
Universidad de Huelva,2020,13
Universidad de Huelva,2021,12
Universidad de Huelva,2022,5
Universidad de Huelva,2023,6
Universidad de Huelva,2024,9
Universidad de Huelva,2025,13
Universidad de Huelva,2026,3
Universidad de Almeria,1997,1
Universidad de Almeria,1998,1
Universidad de Almeria,1999,1
Universidad de Almeria,2000,1
Universidad de Almeria,2001,4
Universidad de Almeria,2002,2
Universidad de Almeria,2003,5
Universidad de Almeria,2004,4
Universidad de Almeria,2005,9
Universidad de Almeria,2006,9
Universidad de Almeria,2007,7
Universidad de Almeria,2008,10
Universidad de Almeria,2009,15
Universidad de Almeria,2010,15
Universidad de Almeria,2011,11
Universidad de Almeria,2012,13
Universidad de Almeria,2013,15
Universidad de Almeria,2014,16
Universidad de Almeria,2015,12
Universidad de Almeria,2016,11
Universidad de Almeria,2017,16
Universidad de Almeria,2018,18
Universidad de Almeria,2019,10
Universidad de Almeria,2020,4
Universidad de Almeria,2021,10
Universidad de Almeria,2022,17
Universidad de Almeria,2023,15
Universidad de Almeria,2024,17
Universidad de Almeria,2025,19
Universidad de Almeria,2026,11
Universidad Pablo de Olavide,2004,1
Universidad Pablo de Olavide,2005,2
Universidad Pablo de Olavide,2006,3
Universidad Pablo de Olavide,2007,3
Universidad Pablo de Olavide,2008,3
Universidad Pablo de Olavide,2009,8
Universidad Pablo de Olavide,2010,9
Universidad Pablo de Olavide,2011,6
Universidad Pablo de Olavide,2012,11
Universidad Pablo de Olavide,2013,14
Universidad Pablo de Olavide,2014,14
Universidad Pablo de Olavide,2015,9
Universidad Pablo de Olavide,2016,10
Universidad Pablo de Olavide,2017,7
Universidad Pablo de Olavide,2018,6
Universidad Pablo de Olavide,2019,4
Universidad Pablo de Olavide,2020,3
Universidad Pablo de Olavide,2021,4
Universidad Pablo de Olavide,2022,6
Universidad Pablo de Olavide,2023,6
Universidad Pablo de Olavide,2024,3
Universidad Pablo de Olavide,2025,5
Universidad Pablo de Olavide,2026,3
