Family_ID,Publication_Numbers,Compound,Relevance_Class,Therapeutic_Application,Formulation,Drug_Delivery,Combination_Therapy,Diagnostic_Application,Manufacturing,Chemical_Modification,Conjugation,Purification_Isolation,Other_Application,Evidence,Confidence,Human_Review
47115103,CA-2850245-A1,Cytarabine,Incidental Mention,No,No,No,No,No,No,No,No,No,,Cytarabine appears only in a ~40-item list of chemotherapeutic agents combinable with the claimed anti-PD-L1 immunotherapy; not the invention focus.,High,No
34107784,AU-2011201337-B2,Cytarabine,Incidental Mention,No,No,No,No,No,No,No,No,No,,Cytarabine appears only in a ~30-item generic anti-cancer agent list combinable with the claimed urea-derivative compound; unrelated core invention.,High,No
37073533,US-20130101680-A1,Cytarabine,Incidental Mention,No,No,No,No,No,No,No,No,No,,Cytarabine appears only in a list of ~20 antitumor agents usable with the claimed radiotherapy-enhancer composition; not central to the claims.,High,No
40847365,SG-188146-A1,Cytarabine,Incidental Mention,No,No,No,No,No,No,No,No,No,,Cytarabine appears only in a very long (~60+) generic chemotherapeutic list as an example payload for the claimed implantable nanoparticle product; unrelated core invention.,High,No
38287183,US-20130116432-A1,Cytarabine,Incidental Mention,No,No,No,No,No,No,No,No,No,,Cytarabine appears only in a ~35-item generic chemotherapeutic list; unrelated core invention.,High,No
38163479,EP-1963372-B1,Cytarabine,Incidental Mention,No,No,No,No,No,No,No,No,No,,Cytarabine appears only in a very long (~40+) generic cytotoxic-agent list as an optional co-administered drug in an anti-MN-antibody cancer therapy patent; unrelated core invention.,High,No
40129803,AU-2008262837-B2,Cytarabine,Incidental Mention,No,No,No,No,No,No,No,No,No,,Cytarabine (and its ocfosfate salt) appear only in an extensive categorized anticancer-agent list for a bicycloaniline derivative compound patent; unrelated core invention.,High,No
36636946,US-8497297-B2,Cytarabine,Incidental Mention,No,No,No,No,No,No,No,No,No,,Cytarabine appears only in a very long (~40+) generic chemotherapeutic list for dimeric IAP inhibitor compounds; unrelated core invention.,High,No
43223381,US-20130172261-A1,Cytarabine,Incidental Mention,No,No,No,No,No,No,No,No,No,,Cytarabine appears only in a long generic chemotherapy list in a patent about anti-SPARC antibodies predicting chemotherapy response; unrelated core invention.,High,No
40291143,EP-2321323-B1,Cytarabine,Incidental Mention,No,No,No,No,No,No,No,No,No,,Cytarabine appears only in a ~20-item optional-active-ingredient list for an artemisinin-dimer anticancer composition; unrelated core invention.,High,No
38845076,US-20130196929-A1,Cytarabine,Incidental Mention,No,No,No,No,No,No,No,No,No,,Cytarabine appears only in a long categorized anticancer-agent list in a SPARC-based chemotherapeutic sensitivity patent; unrelated core invention.,High,No
47595052,US-20130302275-A1,Cytarabine,Incidental Mention,No,No,No,No,No,No,No,No,No,,Cytarabine (and liposomal form) appear only in an extremely long generic chemotherapy-drug list in a PH20 polypeptide variant/formulation patent; unrelated core invention.,High,No
39638671,IL-203091-A,Cytarabine,Incidental Mention,No,No,No,No,No,No,No,No,No,,Cytarabine appears only in a long generic chemotherapy list for pyridazinone derivative compounds; unrelated core invention.,High,No
34468632,US-8524651-B2,Cytarabine,Incidental Mention,No,No,No,No,No,No,No,No,No,,Cytarabine appears only as one of several listed anti-metabolite options in a combination cancer-therapy method claim; not the invention focus.,High,No
40262072,EP-2205244-B1,Cytarabine,Incidental Mention,No,No,No,No,No,No,No,No,No,,Cytarabine appears only in a generic anticancer-agent list as an optional second therapeutic agent; unrelated core invention (a compound/FLT3-inhibitor patent).,High,No
44514663,US-20130310451-A1,Cytarabine,Incidental Mention,No,No,No,No,No,No,No,No,No,,Cytarabine (and liposomal form) appear only in a huge (~100+) generic oncology-drug list in a tricyclic-lactone anticancer compound patent; unrelated core invention.,High,No
46045121,AU-2012250050-A1,Cytarabine,Incidental Mention,No,No,No,No,No,No,No,No,No,,Cytarabine appears only in an extremely long (~300+) generic pharmaceutical-agent list for parenteral lipophilic-drug formulations; unrelated core invention.,High,No
43736585,EP-2665489-A1,Cytarabine,Incidental Mention,No,No,No,No,No,No,No,No,No,,Cytarabine appears only as one of several pyrimidine-analogue options in a generic combination cancer-therapy claim listing many drug classes; not the invention focus.,High,No
41255419,US-8613930-B2,Cytarabine,Incidental Mention,No,No,No,No,No,No,No,No,No,,Cytarabine appears only in a long generic pyrimidine-analogue list for a cross-linker chemistry patent; unrelated core invention.,High,No
42236293,EP-2676953-A1,Cytarabine,Incidental Mention,No,No,No,No,No,No,No,No,No,,Cytarabine appears only in a generic chemotherapy-agent list as an optional combination partner for a hemifumarate salt compound; unrelated core invention.,High,No
42112300,US-8673919-B2,Cytarabine,Incidental Mention,No,No,No,No,No,No,No,No,No,,Cytarabine appears only in a long generic oncology-drug combination list for MEK-inhibitor dihydropyridine sulfonamide/sulfamide compounds; unrelated core invention.,High,No
26010364,US-8679520-B2,Cytarabine,Incidental Mention,No,No,No,No,No,No,No,No,No,,"Cytarabine appears only within a very long (~80+) generic active-agent list for a restenosis-preventing stent coating patent; not singled out as a specific embodiment, unrelated core invention.",High,No
36579187,CA-2624372-C,Cytarabine,Incidental Mention,No,No,No,No,No,No,No,No,No,,"Cytarabine appears only in a huge generic active-principle list for modified-release microparticle formulations; not singled out, unrelated core invention.",High,No
27671080,EP-1478648-B1,Cytarabine,Incidental Mention,No,No,No,No,No,No,No,No,No,,Cytarabine liposomal appears only in an extremely long generic anticancer-agent list for phosphorus-containing compounds; unrelated core invention.,High,No
41061278,EP-2730581-A1,Cytarabine,Incidental Mention,No,No,No,No,No,No,No,No,No,,Cytarabine appears only in a long generic chemotherapy-agent list for boronate ester compounds; unrelated core invention.,High,No
41507667,US-8734846-B2,Cytarabine,Incidental Mention,No,No,No,No,No,No,No,No,No,,Cytarabine (and ocfosfate form) appear only in a massive (~300+) generic anticancer-agent list for diblock polymer targeting-agent conjugates; unrelated core invention.,High,No
50977496,WO-2014094182-A1,Cytarabine,Incidental Mention,No,No,No,No,No,No,No,No,No,,Cytarabine appears only in a long generic chemotherapy-agent list for non-replicating virus-derived particle compositions; unrelated core invention.,High,No
33303040,US-8779171-B2,Cytarabine,Incidental Mention,No,No,No,No,No,No,No,No,No,,Cytarabine (and ocfosfate form) appear only within an extremely long generic anticancer-agent list for hydroxamate compounds; unrelated core invention.,High,No
36588652,EP-1824470-B1,Cytarabine,Incidental Mention,No,No,No,No,No,No,No,No,No,,Cytarabine appears only in a long generic chemotherapy list in a lifespan-extension/age-related-disease method patent; unrelated core invention.,High,No
49956483,US-20140227294-A1,Cytarabine,Incidental Mention,No,No,No,No,No,No,No,No,No,,Cytarabine appears only in a long generic pyrimidine-antagonist list for prolactin receptor binding protein compositions; unrelated core invention.,High,No
35542135,CA-2572707-C,Cytarabine,Incidental Mention,No,No,No,No,No,No,No,No,No,,Cytarabine appears only in a long generic chemotherapeutic-compound list combinable with annexin-derivative complexes; unrelated core invention.,High,No
49033705,EP-2643030-B1,Cytarabine,Incidental Mention,No,No,No,No,No,No,No,No,No,,"Cytarabine appears only in an extremely long generic drug list for a balloon-catheter surface coating; not singled out among 50+ options, unrelated core invention.",High,No
45004403,US-20150010541-A1,Cytarabine,Incidental Mention,No,No,No,No,No,No,No,No,No,,Cytarabine appears only in a generic anti-cancer agent list combinable with histone-deacetylase-inhibitor macrocyclic compounds; unrelated core invention.,High,No
43071846,US-8952178-B2,Cytarabine,Incidental Mention,No,No,No,No,No,No,No,No,No,,Cytarabine appears only in a very long generic anticancer-agent list for thiophene derivative compounds; unrelated core invention.,High,No
46599095,AU-2011256902-B2,Cytarabine,Incidental Mention,No,No,No,No,No,No,No,No,No,,"Cytarabine appears only in an extremely long generic drug-powder list for polymer coating compositions of controlled morphology; not singled out, unrelated core invention.",High,No
46889006,US-20150231362-A1,Cytarabine,Incidental Mention,No,No,No,No,No,No,No,No,No,,"Cytarabine appears only in an extremely long generic drug list for a balloon-surface coating for valvuloplasty; not singled out, unrelated core invention.",High,No
43732510,US-8980263-B2,Cytarabine,Indirectly Relevant,Yes,No,No,Yes,No,No,No,No,No,,"Claim 1 names cytarabine as one of 9 specifically-named agents in the fixed mLSG15 combination chemotherapy regimen, claimed in combination with an anti-CCR4 antibody for treating a CCR4-expressing cancer; more specific than a generic Markush list (a named, fixed historical regimen) but cytarabine is not singled out as central — borderline.",Medium,Yes
40792133,EP-2857018-A1,Cytarabine,Incidental Mention,No,No,No,No,No,No,No,No,No,,"Cytarabine appears only in a long generic cytotoxic-agent list as one of many possible ""Effector"" moiety options for a prodrug conjugate compound class; unrelated core invention.",High,No
39168056,EP-2425840-B1,Cytarabine,Incidental Mention,No,No,No,No,No,No,No,No,No,,Cytarabine appears only in an extremely long generic chemotherapeutic-agent list for triazine derivative compounds; unrelated core invention.,High,No
43970340,AU-2010315126-B2,Cytarabine,Incidental Mention,No,No,No,No,No,No,No,No,No,,Cytarabine appears only in a long generic antimetabolite list for kinase-modulating compounds; unrelated core invention.,High,No
47040974,NZ-616780-A,Cytarabine,Incidental Mention,No,No,No,No,No,No,No,No,No,,Cytarabine appears only in a long generic chemotherapy-agent list for a solid-tumour treatment method; unrelated core invention.,High,No
47073382,US-20150272945-A1,Cytarabine,Incidental Mention,No,No,No,No,No,No,No,No,No,,"Cytarabine appears only in a very long generic oncology-drug list (masitinib patent); not singled out, unrelated core invention.",High,No
37757281,EP-1922094-B1,Cytarabine,Incidental Mention,No,No,No,No,No,No,No,No,No,,"Cytarabine appears only in a long generic bioactive-agent list for lymphatic-targeting delivery devices; not singled out among ~30 options, unrelated core invention.",High,No
36129810,CA-2588921-C,Cytarabine,Incidental Mention,No,No,No,No,No,No,No,No,No,,Cytarabine appears only in a generic apoptotic-signal-inducing compound list for IAP pyrrolidine inhibitors; unrelated core invention.,High,No
47470025,HK-1202118-A1,Cytarabine,Incidental Mention,No,No,No,No,No,No,No,No,No,,Cytarabine appears only in a long categorized generic antimetabolite list for piperazinyl cancer-treatment compounds; unrelated core invention.,High,No
48045015,HK-1205136-A1,Cytarabine,Incidental Mention,No,No,No,No,No,No,No,No,No,,"Cytarabine (Ara-C) appears only in a short co-administered chemotherapeutic-compound list (~9 items) for a CDIM binding protein diagnostic/therapeutic composition; not singled out, unrelated core invention.",High,No
42629445,US-9221882-B2,Cytarabine,Incidental Mention,No,No,No,No,No,No,No,No,No,,Cytarabine appears only in a long (~25+) generic drug list of possible payloads conjugatable to the claimed proline/alanine random-coil polypeptide; not singled out among many options.,High,No
41793139,TW-I508963-B,Cytarabine,Incidental Mention,No,No,No,No,No,No,No,No,No,,Cytarabine appears only in a long generic chemotherapeutic co-agent list for naphthyridine kinase-inhibitor compounds; unrelated core invention.,High,No
38686743,EP-2966065-A2,Cytarabine,Incidental Mention,No,No,No,No,No,No,No,No,No,,Cytarabine appears only in a generic pyrimidine-analogue list for AKT-protein-inhibitor cyclopenta-pyrimidine compounds; unrelated core invention.,High,No
44359555,US-9199999-B2,Cytarabine,Incidental Mention,No,No,No,No,No,No,No,No,No,,Cytarabine appears only in a generic chemotherapy list for substituted imidazopyrazine compounds; unrelated core invention.,High,No
45003311,US-9249172-B2,Cytarabine,Incidental Mention,No,No,No,No,No,No,No,No,No,,Cytarabine appears only in a very long generic anticancer-agent list for pyrazole derivative compounds; unrelated core invention.,High,No
37670733,EP-2066679-B1,Cytarabine,Incidental Mention,No,No,No,No,No,No,No,No,No,,Cytarabine appears only in a long generic chemotherapeutic list for disorazole-cell-binding-molecule conjugates; unrelated core invention.,High,No
25157347,CA-2851502-C,Cytarabine,Indirectly Relevant,No,Yes,Yes,No,No,No,No,No,No,,"Dependent claim lists cytarabine as one of 8 named anti-neoplastic drug options usable in a multivesicular-liposome (MVL) neutral-lipid-release-modification formulation — a real drug-delivery platform class (the DepoFoam technology used by liposomal cytarabine/DepoCyt products), shorter and more specific than the typical 20-300 item Markush lists seen elsewhere in this set, but cytarabine is not singled out as the primary embodiment.",Medium,Yes
50630805,US-20160082159-A1,Cytarabine,Incidental Mention,No,No,No,No,No,No,No,No,No,,"Cytarabine appears only in an extremely long generic drug list for a balloon surface coating; not singled out, unrelated core invention.",High,No
43124690,US-9365634-B2,Cytarabine,Incidental Mention,No,No,No,No,No,No,No,No,No,,Cytarabine appears only in a very long generic oncology-drug list for aprotinin-like delivery polypeptides; unrelated core invention.,High,No
50341876,US-20160166697-A1,Cytarabine,Incidental Mention,No,No,No,No,No,No,No,No,No,,"Cytarabine appears only in a very long generic cancer-drug list in a general ""method of treating cancer"" patent; unrelated core invention.",High,No
42035671,EP-3037529-A1,Cytarabine,Incidental Mention,No,No,No,No,No,No,No,No,No,,Cytarabine (and liposomal form) appear only in an extremely long generic anticancer-agent list for extended soluble PH20 polypeptides; unrelated core invention.,High,No
36745574,US-9381228-B2,Cytarabine,Incidental Mention,No,No,No,No,No,No,No,No,No,,Cytarabine appears only in a long generic chemotherapeutic/chemopreventative agent list for FKBP-L compositions; unrelated core invention.,High,No
48697493,AU-2016204054-A1,Cytarabine,Incidental Mention,No,No,No,No,No,No,No,No,No,,Cytarabine appears only in a long generic antitumor-agent list for an effect-potentiator-for-antitumor-agents patent; unrelated core invention.,High,No
40340343,US-20160220505-A1,Cytarabine,Incidental Mention,No,No,No,No,No,No,No,No,No,,Cytarabine appears only in a very long generic active-compound list for lipophilic-active-compound compositions; unrelated core invention.,High,No
53003370,EP-3064212-A1,Cytarabine,Incidental Mention,No,No,No,No,No,No,No,No,No,,Cytarabine appears only in a long generic chemotherapeutic list for a Paliurus ramosissimus plant-extract cancer composition; unrelated core invention.,High,No
48696151,US-20160143916-A1,Cytarabine,Indirectly Relevant,Yes,No,No,Yes,No,No,No,No,No,,"Claim narrows the additional therapeutic agent to just 3 specifically named options (cytarabine, bortezomib, 5-azacitidine) for combination with the claimed bromodomain inhibitor — a genuinely short, specific combination-therapy list, not a generic Markush background mention.",Medium,Yes
55910037,UY-36391-A,Cytarabine,Incidental Mention,No,No,No,No,No,No,No,No,No,,Cytarabine appears only in a long generic pyrimidine-antagonist list for IDO1-modulating compounds; unrelated core invention.,High,No
45876915,EP-3025715-A1,Cytarabine,Incidental Mention,No,No,No,No,No,No,No,No,No,,Cytarabine appears only in a long generic chemotherapy list for a quinazolinone cancer-treatment compound; unrelated core invention.,High,No
40452461,EP-3067054-A1,Cytarabine,Incidental Mention,No,No,No,No,No,No,No,No,No,,"Cytarabine appears only as one of ~20 antimetabolite options in a broader combination-therapy compound-class claim; unrelated core invention, not singled out.",High,No
49081601,US-9458172-B2,Cytarabine,Incidental Mention,No,No,No,No,No,No,No,No,No,,Cytarabine appears only in a very long generic chemotherapeutic list for pyridinyl/pyrimidinyl sulfoxide/sulfone derivative compounds; unrelated core invention.,High,No
45976556,AU-2014274564-B2,Cytarabine,Incidental Mention,No,No,No,No,No,No,No,No,No,,Cytarabine appears only in a categorized generic anticancer-agent list for fused imidazole IDO-inhibitor compounds; unrelated core invention.,High,No
53175694,US-20160297731-A1,Cytarabine,Incidental Mention,No,No,No,No,No,No,No,No,No,,Cytarabine appears only in a categorized generic antimetabolite list for vitamin D analogue compounds; unrelated core invention.,High,No
36999856,EP-1913157-B2,Cytarabine,Incidental Mention,No,No,No,No,No,No,No,No,No,,Cytarabine appears only as one of many chemotherapeutic-agent options combinable with EGFR inhibitors in an EGFR/KRAS-mutation-prediction patent; unrelated core invention.,High,No
50775615,AU-2012395148-B2,Cytarabine,Incidental Mention,No,No,No,No,No,No,No,No,No,,"Cytarabine appears only in an extremely long categorized generic drug list for hydrophilic linker/ADC conjugation technology; not singled out among the huge payload list, unrelated core invention.",High,No
53523554,US-20160324983-A1,Cytarabine,Incidental Mention,No,No,No,No,No,No,No,No,No,,Cytarabine (and liposomal form) appear only in a very long generic active-agent list for immunotherapy compositions; unrelated core invention.,High,No
50179606,US-9512130-B2,Cytarabine,Incidental Mention,No,No,No,No,No,No,No,No,No,,Cytarabine appears only in a generic chemotherapy list for substituted imidazopyridazine compounds; unrelated core invention.,High,No
47913379,US-9512126-B2,Cytarabine,Incidental Mention,No,No,No,No,No,No,No,No,No,,Cytarabine appears only in a generic chemotherapy list for substituted imidazopyridazine compounds (sister patent); unrelated core invention.,High,No
54700553,AU-2015270924-A1,Cytarabine,Incidental Mention,No,No,No,No,No,No,No,No,No,,"Cytarabine appears only as one of ~20 possible drug options in a peptide-drug conjugate Markush claim; not singled out, unrelated core invention.",High,No
50544624,US-9526791-B2,Cytarabine,Incidental Mention,No,No,No,No,No,No,No,No,No,,Cytarabine appears only in a long generic chemotherapy list for pH-responsive peptide/liposome compositions; unrelated core invention.,High,No
44307593,US-20160375021-A1,Cytarabine,Incidental Mention,No,No,No,No,No,No,No,No,No,,Cytarabine appears only as one of 11 chemotherapeutic-agent options combinable with a protein-deacetylase-inhibitor compound; unrelated core invention.,High,No
43425912,HK-1217338-A1,Cytarabine,Incidental Mention,No,No,No,No,No,No,No,No,No,,Cytarabine appears only in a 9-item generic chemotherapeutic-agent list for an anti-CD19 antibody composition; unrelated core invention.,High,No
40229356,EP-3124046-A1,Cytarabine,Incidental Mention,No,No,No,No,No,No,No,No,No,,"Cytarabine appears among 14 antimetabolite options combinable with a GITR-binding antibody; the dependent claim specifically narrows the preferred antimetabolite to gemcitabine, not cytarabine; unrelated core invention.",High,No
42103392,US-20170035741-A1,Cytarabine,Indirectly Relevant,Yes,No,No,Yes,No,No,No,No,No,,"Claim narrows the second combination agent to a short list of 4 (cytarabine, carboplatin, cisplatin, gemcitabine) plus anti-emetic — a genuinely specific combination-therapy option set, not generic background.",Medium,Yes
40251685,EP-2447272-B1,Cytarabine,Directly Relevant,Yes,No,No,Yes,No,No,No,No,No,,"The invention is a cytidine-deaminase (CDA) inhibitor compound co-formulated/co-administered specifically to protect CDA-substrate antileukemia drugs from degradation; cytarabine (ara-C) is explicitly named as one of 6 CDA-substrate drugs and its CDA-mediated inactivation mechanism is discussed at length in the description as the invention's core rationale — substantively central, not incidental.",High,Yes
41507660,EP-2309990-B2,Cytarabine,Incidental Mention,No,No,No,No,No,No,No,No,No,,"Cytarabine appears only as one of ~25 chemotherapeutic-agent options for drug-loaded polymeric nanoparticles; not singled out, unrelated core invention.",High,No
40110987,EP-2532676-B1,Cytarabine,Incidental Mention,No,No,No,No,No,No,No,No,No,,Cytarabine appears only in a very long generic cytotoxic-agent list for a protease-regulated antibody; unrelated core invention.,High,No
43984137,US-9636344-B2,Cytarabine,Incidental Mention,No,No,No,No,No,No,No,No,No,,Cytarabine appears only in an extremely long generic chemotherapeutic-agent list for dihydroimidazoquinazoline salt compounds; unrelated core invention.,High,No
35395162,US-9650416-B2,Cytarabine,Incidental Mention,No,No,No,No,No,No,No,No,No,,Cytarabine appears only in a very long generic chemotherapy list for alpha-v-beta-6 peptide ligand compounds; unrelated core invention.,High,No
33479305,HU-E030772-T2,Cytarabine,Incidental Mention,No,No,No,No,No,No,No,No,No,,Cytarabine appears only in a generic chemotherapeutic list for immunosuppressant compounds/compositions; unrelated core invention.,High,No
47427291,US-9663510-B2,Cytarabine,Incidental Mention,No,No,No,No,No,No,No,No,No,,Cytarabine appears only in a long generic chemotherapy list for substituted triazolopyridine TTK-inhibitor compounds; unrelated core invention.,High,No
48570009,US-9670202-B2,Cytarabine,Incidental Mention,No,No,No,No,No,No,No,No,No,,Cytarabine appears only in a long generic chemotherapy list for substituted triazolopyridine compounds (sister patent); unrelated core invention.,High,No
44999754,EP-2638043-B1,Cytarabine,Incidental Mention,No,No,No,No,No,No,No,No,No,,Cytarabine appears only in a long generic chemotherapy list for arylaminoalcohol-substituted dihydroimidazoquinoline compounds; unrelated core invention.,High,No
54288110,US-20170174702-A1,Cytarabine,Incidental Mention,No,No,No,No,No,No,No,No,No,,Cytarabine appears only in a very long generic chemotherapy list for bromodomain-inhibiting compounds; unrelated core invention.,High,No
53267358,US-20170184566-A1,Cytarabine,Incidental Mention,No,No,No,No,No,No,No,No,No,,"Cytarabine appears only in a very long generic chemotherapy list for a patient-response-prediction biomarker method; not specifically about predicting cytarabine response, unrelated core invention.",High,No
54264181,US-9694071-B2,Cytarabine,Indirectly Relevant,Yes,No,No,Yes,No,No,No,No,No,,"Cytarabine is named as a component of the specific historical ""hyperCVAD"" combination chemotherapy regimen, one of several named fixed regimens (CHOP, R-CHOP, hyperCVAD, FCM, etc.) claimed as combinable with an anti-CD20 antibody + PI3K inhibitor; more specific than a generic Markush list.",Medium,Yes
50148520,AU-2013306087-B2,Cytarabine,Incidental Mention,No,No,No,No,No,No,No,No,No,,Cytarabine (AraC) appears only in a long generic pyrimidine-analogue list for bivalent IAP-protein inhibitor compounds; unrelated core invention.,High,No
42231495,EP-2438442-B1,Cytarabine,Incidental Mention,No,No,No,No,No,No,No,No,No,,"Cytarabine appears only as one of 10 combination-therapy options with a Her-2-targeting (trastuzumab) agent in a P95/Her-2 assay-method patent; not singled out, unrelated core invention.",Medium,No
51165292,AU-2014207716-B2,Cytarabine,Incidental Mention,No,No,No,No,No,No,No,No,No,,Cytarabine (AraC) appears only in a long generic pyrimidine-analogue list for Bcl-2/Bcl-xL inhibitor compounds; unrelated core invention.,High,No
44999755,EP-2638044-B1,Cytarabine,Incidental Mention,No,No,No,No,No,No,No,No,No,,Cytarabine appears only in a long generic chemotherapy list for alkoxy-substituted dihydroimidazoquinazoline compounds; unrelated core invention.,High,No
58410503,US-20170267660-A1,Cytarabine,Incidental Mention,No,No,No,No,No,No,No,No,No,,Cytarabine appears only in a categorized generic antimetabolite list for kinase-modulating compounds; unrelated core invention.,High,No
40097772,US-20170266307-A1,Cytarabine,Incidental Mention,No,No,No,No,No,No,No,No,No,,Cytarabine appears only as one of ~20 second-therapeutic-agent options in a vascular-disrupting cancer-compound formulation patent; unrelated core invention.,High,No
42027719,EP-3243835-A1,Cytarabine,Incidental Mention,No,No,No,No,No,No,No,No,No,,Cytarabine (and liposomal/brand-name forms) appear only in an extremely long generic oncology-drug list for albumin variant/conjugate compositions; unrelated core invention.,High,No
49081603,AU-2017254876-A1,Cytarabine,Incidental Mention,No,No,No,No,No,No,No,No,No,,Cytarabine appears only in a very long generic chemotherapeutic list for amido spirocyclic amide/sulfonamide derivative compounds; unrelated core invention.,High,No
42246002,US-20170361021-A1,Cytarabine,Incidental Mention,No,No,No,No,No,No,No,No,No,,Cytarabine appears only in a generic hazardous/cytotoxic agent list for an injection safety system; unrelated core invention.,High,No
44564137,AU-2016200991-B2,Cytarabine,Incidental Mention,No,No,No,No,No,No,No,No,No,,Cytarabine appears only in a very long generic chemotherapy list for CoQ10 intravenous formulations; unrelated core invention.,High,No
45607741,EP-2673004-B1,Cytarabine,Incidental Mention,No,No,No,No,No,No,No,No,No,,Cytarabine appears only in a long generic chemotherapy list for hydrophobic-modified liver-targeting peptides; unrelated core invention.,High,No
49948284,US-9878052-B2,Cytarabine,Incidental Mention,No,No,No,No,No,No,No,No,No,,Cytarabine appears only in a long generic chemotherapeutic-agent list for targeted immunotherapy compounds; unrelated core invention.,High,No
48979774,US-9890147-B2,Cytarabine,Incidental Mention,No,No,No,No,No,No,No,No,No,,"Cytarabine appears only in an extremely long generic chemotherapy list for 2,3-benzodiazepine compounds; unrelated core invention.",High,No
49551570,EP-3063158-B1,Cytarabine,Incidental Mention,No,No,No,No,No,No,No,No,No,,Cytarabine appears only in a long generic active-ingredient list for metallocene anticancer compounds; unrelated core invention.,High,No
44357712,EP-2718436-B1,Cytarabine,Incidental Mention,No,No,No,No,No,No,No,No,No,,Cytarabine appears only in a very long generic chemotherapy-agent list with brand names for PTEN-mutated cancer treatment materials; unrelated core invention.,High,No
47176369,US-9931408-B2,Cytarabine,Incidental Mention,No,No,No,No,No,No,No,No,No,,"Cytarabine appears only in a long generic cytotoxic-agent list for a bio-orthogonal drug activation (bond-cleavable prodrug) platform; not singled out among many payload options, unrelated core invention.",High,No
32110191,EP-3301114-A1,Cytarabine,Incidental Mention,No,No,No,No,No,No,No,No,No,,Cytarabine appears only in a generic antimetabolite list for CA125/O72-binding antibody fusion polypeptides; unrelated core invention.,High,No
51351332,EP-2958564-B1,Cytarabine,Incidental Mention,No,No,No,No,No,No,No,No,No,,Cytarabine appears only in a very long generic cytotoxic-agent list for PI3-kinase-modulator heteroaromatic compounds; unrelated core invention.,High,No
58796287,AU-2016365366-A1,Cytarabine,Incidental Mention,No,No,No,No,No,No,No,No,No,,Cytarabine appears only in a very long generic chemotherapy list for protein kinase inhibitor compounds; unrelated core invention.,High,No
57113709,US-9975894-B2,Cytarabine,Incidental Mention,No,No,No,No,No,No,No,No,No,,Cytarabine appears only in a categorized generic antimetabolite list for heterocyclic compounds; unrelated core invention.,High,No
49160283,EP-3330283-A2,Cytarabine,Incidental Mention,No,No,No,No,No,No,No,No,No,,Cytarabine (and liposomal/brand forms) appear only in an extremely long generic oncology-drug list for albumin variant compositions; unrelated core invention.,High,No
40625343,EP-2217209-B1,Cytarabine,Indirectly Relevant,No,Yes,Yes,No,No,No,No,No,No,,"Dependent claim 6 narrows the anticancer agent to a short 5-item pyrimidine-metabolism antimetabolite list (capecitabine, cytarabine, fluorouracil, floxuridine, gemcitabine) as the specific active agent for the claimed thermosensitive liposome delivery formulation — a genuine drug-delivery technology with cytarabine as one of a small number of specifically claimed embodiments.",Medium,Yes
41278643,EP-2456467-B1,Cytarabine,Incidental Mention,No,No,No,No,No,No,No,No,No,,Cytarabine appears only in a long generic chemotherapy list for epsilon-polylysine conjugate compositions; unrelated core invention.,High,No
52144263,US-10010556-B2,Cytarabine,Incidental Mention,No,No,No,No,No,No,No,No,No,,Cytarabine appears only in an extremely long generic oncology-drug list with brand names for bicyclic bromodomain inhibitor compounds; unrelated core invention.,High,No
57320660,BR-112017024555-A2,Cytarabine,Incidental Mention,No,No,No,No,No,No,No,No,No,,Cytarabine appears only in a very long generic chemotherapy list for CCR2 modulator compounds; unrelated core invention.,High,No
46513877,BR-112014002219-A2,Cytarabine,Incidental Mention,No,No,No,No,No,No,No,No,No,,Cytarabine appears only in a long generic pyrimidine-analogue list for p97-antibody conjugates; unrelated core invention.,High,No
41340707,EP-2291199-B1,Cytarabine,Incidental Mention,No,No,No,No,No,No,No,No,No,,"Cytarabine appears only as one of several antimetabolite options in a broader categorized drug-class list for pH-sensitive nucleolin-binding liposomes; not singled out among ~10 antimetabolites within a much larger drug-class taxonomy, unrelated core invention.",High,No
48325358,EP-2994153-B1,Cytarabine,Incidental Mention,No,No,No,No,No,No,No,No,No,,Cytarabine appears only in a long generic chemotherapy list for renal drug-targeting peptide conjugates; unrelated core invention.,High,No
54392771,US-10052307-B2,Cytarabine,Incidental Mention,No,No,No,No,No,No,No,No,No,,Cytarabine appears only in an extremely long generic oncology-drug list for micellar nanocomplex compositions; unrelated core invention.,High,No
40226729,EP-3009148-B1,Cytarabine,Incidental Mention,No,No,No,No,No,No,No,No,No,,Cytarabine appears only as one of ~20 chemotherapeutic-agent options combinable with a cancer diagnostic/treatment composition; unrelated core invention.,High,No
42372314,AU-2016213880-B2,Cytarabine,Directly Relevant,Yes,No,No,Yes,No,No,No,No,No,,"Title is ""Combination of cytidine-based antineoplastic drugs with cytidine deaminase inhibitors""; cytarabine is explicitly one of the tested cytidine-based drugs, with figures showing its UV spectrum and its levels in the presence of CDA and the claimed CDA-inhibitor compound (ER-876437) — substantively central to the invention, same pattern as EP-2447272-B1 found earlier in this set.",High,Yes
43586756,CA-2770683-C,Cytarabine,Incidental Mention,No,No,No,No,No,No,No,No,No,,Cytarabine appears only in a long (~30-item) generic anticancer-agent list for vitamin D3 analogues treating alopecia; unrelated core invention.,High,No
57546445,BR-112017027445-A2,Cytarabine,Incidental Mention,No,No,No,No,No,No,No,No,No,,Cytarabine appears only in a long generic chemotherapy list for controlled drug-release delivery systems; unrelated core invention.,High,No
43467008,US-20180298109-A1,Cytarabine,Incidental Mention,No,No,No,No,No,No,No,No,No,,Cytarabine appears only in a long generic chemotherapeutic-agent list for drug-target polypeptides/polynucleotides; unrelated core invention.,High,No
56108381,TN-2017000246-A1,Cytarabine,Incidental Mention,No,No,No,No,No,No,No,No,No,,"Cytarabine appears only in a long generic cytotoxic-agent list as an antibody-drug conjugate payload option for anti-C10orf54 antibodies; not singled out, unrelated core invention.",High,No
45560106,EP-2608796-B1,Cytarabine,Incidental Mention,No,No,No,No,No,No,No,No,No,,Cytarabine appears only in a categorized generic cytosine-analogue list for fucose-analog protein fucosylation inhibition methods; unrelated core invention.,High,No
43450336,MY-168762-A,Cytarabine,Incidental Mention,No,No,No,No,No,No,No,No,No,,Cytarabine appears only in an extremely long generic pyrimidine-analogue list for chemical entity compositions; unrelated core invention.,High,No
54704137,US-20180346487-A1,Cytarabine,Incidental Mention,No,No,No,No,No,No,No,No,No,,Cytarabine appears only in a long generic chemotherapy list for fused imidazole TGF-Beta inhibitor compounds; unrelated core invention.,High,No
44483553,PH-12015501738-B1,Cytarabine,Incidental Mention,No,No,No,No,No,No,No,No,No,,Cytarabine appears only in a very long generic chemotherapy list for androgen receptor modulator compounds; unrelated core invention.,High,No
44355816,US-10183975-B2,Cytarabine,Incidental Mention,No,No,No,No,No,No,No,No,No,,Cytarabine appears only in a very long generic chemotherapy list for chlorotoxin polypeptide conjugates; unrelated core invention.,High,No
54705645,US-10202368-B2,Cytarabine,Incidental Mention,No,No,No,No,No,No,No,No,No,,Cytarabine appears only as one of 7 categorized antimetabolite options in a broader combination-therapy compound-class list for CXCR7 receptor modulators; unrelated core invention.,High,No
58609378,EP-3443003-A1,Cytarabine,Incidental Mention,No,No,No,No,No,No,No,No,No,,"Cytarabine appears only as one of ~10 anticancer compound options combinable with a non-glycosylated anti-tenascin antibody; not singled out, unrelated core invention.",High,No
50728148,EP-3447069-A1,Cytarabine,Incidental Mention,No,No,No,No,No,No,No,No,No,,Cytarabine appears only in a categorized generic pyrimidine-analogue list for bispecific EGFR/c-Met antibodies; unrelated core invention.,High,No
47470248,EP-3446707-A1,Cytarabine,Incidental Mention,No,No,No,No,No,No,No,No,No,,Cytarabine appears only in a long generic cytotoxic-agent list for surrogate binding protein conjugates; unrelated core invention.,High,No
52280673,US-10226451-B2,Cytarabine,Incidental Mention,No,No,No,No,No,No,No,No,No,,Cytarabine appears only in an extremely long generic oncology-drug list with brand names for substituted bicyclic bromodomain inhibitor compounds; unrelated core invention.,High,No
40911929,EP-3216793-B1,Cytarabine,Incidental Mention,No,No,No,No,No,No,No,No,No,,Cytarabine appears only in a long generic chemotherapy list for triazine PI3K/mTOR inhibitor compounds; unrelated core invention.,High,No
54008199,US-20190127401-A1,Cytarabine,Incidental Mention,No,No,No,No,No,No,No,No,No,,Cytarabine appears only in a long categorized generic drug list for charged-linker conjugation technology; unrelated core invention.,High,No
51538557,US-20190135767-A1,Cytarabine,Incidental Mention,No,No,No,No,No,No,No,No,No,,Cytarabine appears only in a very long generic chemotherapy list for heterocyclic disease-treatment compounds; unrelated core invention.,High,No
50001255,US-10301280-B2,Cytarabine,Incidental Mention,No,No,No,No,No,No,No,No,No,,Cytarabine appears only in a very long generic chemotherapy list for kinase-modulating compounds; unrelated core invention.,High,No
51987475,EP-3066129-B1,Cytarabine,Incidental Mention,No,No,No,No,No,No,No,No,No,,"Cytarabine appears only as one of ~13 treatment-regimen options for C1013G/CXCR4-associated Waldenstrom's macroglobulinemia antibody therapy; not singled out, unrelated core invention.",Medium,No
62028025,US-20190218291-A1,Cytarabine,Indirectly Relevant,Yes,No,No,Yes,No,No,No,No,No,,"Claim 26 narrows the secondary agent to just ""Fludarabine or Cytarabine"" (2 options) for combination with an anti-AXL antibody-drug conjugate — an extremely specific, narrow combination-therapy claim, not generic background.",High,Yes
56098419,US-10369168-B2,Cytarabine,Incidental Mention,No,No,No,No,No,No,No,No,No,,Cytarabine appears only in a very long generic chemotherapy list with brand-name drugs for TLR9-agonist polynucleotide treatment methods; unrelated core invention.,High,No
55650627,US-20190241669-A1,Cytarabine,Indirectly Relevant,Yes,No,No,Yes,No,No,No,No,No,,"Claim 68 narrows the nucleoside analog to just 3 options (fludarabine, cytarabine, clofarabine) for administration alongside BCMA-targeting CAR-T cell therapy — a specific, narrow combination claim, not generic background.",High,Yes
44355529,CA-2788720-C,Cytarabine,Incidental Mention,No,No,No,No,No,No,No,No,No,,Cytarabine appears only in an extremely long generic pyrimidine-analogue list for cancer treatment/prevention medicament; unrelated core invention.,High,No
50628028,IL-267242-A,Cytarabine,Incidental Mention,No,No,No,No,No,No,No,No,No,,Cytarabine appears only in a long generic chemotherapeutic-agent list for a general cancer treatment patent; unrelated core invention.,High,No
52875332,EP-3129367-B1,Cytarabine,Incidental Mention,No,No,No,No,No,No,No,No,No,,Cytarabine appears only in a long generic chemotherapy list for pyridine TGF-Beta inhibitor compounds; unrelated core invention.,High,No
50681898,EP-3299019-B1,Cytarabine,Incidental Mention,No,No,No,No,No,No,No,No,No,,Cytarabine appears only in a long generic chemotherapy list for heteroaromatic PI3-kinase-modulator compounds; unrelated core invention.,High,No
38218600,EP-2495016-B1,Cytarabine,Incidental Mention,No,No,No,No,No,No,No,No,No,,Cytarabine (and liposomal form) appear only in extremely long generic categorized drug lists for bicyclic heteroaryl compounds; unrelated core invention.,High,No
61972255,US-10500213-B2,Cytarabine,Directly Relevant,Yes,No,No,Yes,No,No,No,No,No,,"Dependent claim 10 specifically recites ""the additional pharmaceutically active compound is cytarabine"" (a single named compound, not a list) as a combination partner for the claimed Mcl-1 protein inhibitor in cancer treatment — substantively central to this specific claimed embodiment.",High,Yes
50101591,AU-2018226488-B2,Cytarabine,Incidental Mention,No,No,No,No,No,No,No,No,No,,Trabectedin appears only in an extremely long generic anti-cancer-agent list for a melanoma treatment/diagnosis invention unrelated to it.,High,No
55404745,RS-58328-B1,Cytarabine,Incidental Mention,No,No,No,No,No,No,No,No,No,,Trabectedin appears only in a long generic antineoplastic-agent list for a substituted-diaminoquinoline invention unrelated to it.,High,No
49816837,US-10744277-B2,Cytarabine,Incidental Mention,No,No,No,No,No,No,No,No,No,,"Vidarabine appears only in a generic drug list, not singled out; unrelated core invention.",High,No
63407234,US-20200281932-A1,Cytarabine,Incidental Mention,No,No,No,No,No,No,No,No,No,,Trabectedin appears only in an extremely long alphabetical generic drug-name list for a copanlisib formulation invention unrelated to it.,High,No
53794072,EP-3331650-B1,Cytarabine,Incidental Mention,No,No,No,No,No,No,No,No,No,,"Vidarabine appears only in a generic drug list, not singled out; unrelated core invention.",High,No
46064554,CA-2818813-C,Cytarabine,Incidental Mention,No,No,No,No,No,No,No,No,No,,Trabectedin appears only in a long generic anti-cancer-agent list for an anti-IL-6-antibody oral-mucositis invention unrelated to it.,High,No
55264653,EP-3177595-B1,Cytarabine,Incidental Mention,No,No,No,No,No,No,No,No,No,,Trabectedin appears only in a long generic anti-cancer-agent list for an autophagy-inhibitor invention unrelated to it.,High,No
58668412,ES-2905556-T3,Cytarabine,Incidental Mention,No,No,No,No,No,No,No,No,No,,Brentuximab vedotin appears only in a dependent claim's list (~35 drugs) of chemotherapy agents that can cause the mucositis the invention treats; the invention is a fatty-acid-derivative compound for mucositis.,High,No
51661826,EP-3193917-B9,Cytarabine,Incidental Mention,No,No,No,No,No,No,No,No,No,,"Vidarabine appears only in a generic drug list, not singled out; unrelated core invention.",High,No
58695598,EP-3373932-B1,Cytarabine,Incidental Mention,No,No,No,No,No,No,No,No,No,,Same recurring long generic chemotherapy-drug list pattern (sibling to EP-2958564-B1/EP-3299019-B1) for a crystalline-quinoline-compound invention.,High,No
40873320,US-20190201512-A1,Cytarabine,Incidental Mention,No,No,No,No,No,No,No,No,No,,"Vidarabine appears only in a generic drug list, not singled out; unrelated core invention.",High,No
75686256,IL-292570-A,Cytarabine,Incidental Mention,No,No,No,No,No,No,No,No,No,,Brentuximab vedotin appears only in a list of known therapeutic antibodies as background for CD73-inhibitor compounds; unrelated core invention.,High,No
77520789,IL-298855-A,Cytarabine,Incidental Mention,No,No,No,No,No,No,No,No,No,,"Appears among ~10 named FDA-approved ADCs in a generic ""select any approved ADC"" dependent claim for a deoxyuridine-triphosphatase-inhibitor combination-therapy invention; not singled out or preferred.",Medium,Yes
57796966,CA-3007462-C,Cytarabine,Incidental Mention,No,No,No,No,No,No,No,No,No,,"Same recurring ""kinase modulation"" chemotherapeutic-agent list pattern as US-9975894-B2/US-10301280-B2 (sibling family); eribulin mesylate not singled out.",High,No
67988988,US-20240197731-A1,Cytarabine,Incidental Mention,No,No,No,No,No,No,No,No,No,,Trabectedin appears only in an extremely long generic chemotherapy-drug list for a broad therapeutic-compositions invention unrelated to it.,High,No
56544441,US-20250084059-A1,Cytarabine,Incidental Mention,No,No,No,No,No,No,No,No,No,,"Trabectedin and lurbinectedin both appear only in the same long list of oncology drugs by originating company (background survey), for a crystalline-forms invention unrelated to either.",High,No
61830620,AU-2025242182-A1,Cytarabine,Incidental Mention,No,No,No,No,No,No,No,No,No,,Same recurring long generic chemotherapy-drug list pattern (sibling to EP-2958564-B1/EP-3299019-B1/EP-3373932-B1) for an androgen-receptor-degradation PROTAC invention.,High,No
67874498,EP-4640714-A2,Cytarabine,Incidental Mention,No,No,No,No,No,No,No,No,No,,Appears only in a long alphabetical drug list as an example therapy in a viral-disease-risk genetic-test invention; unrelated core invention.,High,No
pub:AU-2001259671-A1,AU-2001259671-A1,Cytarabine,Incidental Mention,No,No,No,No,No,No,No,No,No,,Same generic media-milling/particle-size-reduction process family already classified Incidental in the earlier cc=ES screening (as ES-2303527-T3): vidarabine appears only in an extremely long generic substrate-drug list.,High,No
pub:HK-1065960-A,HK-1065960-A,Cytarabine,Directly Relevant,No,No,No,No,No,No,Yes,Yes,No,,"Claims 34-36 specifically narrow to ""the antiarrhythmic active substance is vidarabine"" attached to hydroxyethyl starch via an amino/linking group -- a specifically claimed conjugate embodiment, not a background list entry.",High,No
pub:IN-2009DN00336-A,IN-2009DN00336-A,Cytarabine,Incidental Mention,No,No,No,No,No,No,No,No,No,,"Vidarabine appears only in a generic drug list, not singled out; unrelated core invention.",High,No
34572914,US-7879360-B2,Cytarabine,Incidental Mention,No,No,No,No,No,No,No,No,No,,"Vidarabine appears only in a generic drug list, not singled out; unrelated core invention.",High,No
pub:IN-2011CN03968-A,IN-2011CN03968-A,Cytarabine,Incidental Mention,No,No,No,No,No,No,No,No,No,,"Vidarabine appears only in a generic drug list, not singled out; unrelated core invention.",High,No
pub:IN-2014KN01903-A,IN-2014KN01903-A,Cytarabine,Incidental Mention,No,No,No,No,No,No,No,No,No,,"Same recurring large generic comparator-drug table pattern as IN-2014KN01814-A (sibling filing), for a furo/thieno-pyridine invention unrelated to it.",High,No
pub:IN-2014KN01814-A,IN-2014KN01814-A,Cytarabine,Incidental Mention,No,No,No,No,No,No,No,No,No,,Trabectedin (PharmaMar) appears only in a large generic comparator-drug table for a triazolopyrimidine-derivative invention unrelated to it.,High,No
pub:IN-2015DN08445-A,IN-2015DN08445-A,Cytarabine,Incidental Mention,No,No,No,No,No,No,No,No,No,,Trabectedin appears only in an extremely long alphabetical generic drug-name list for a CRISPR guide-RNA specificity invention entirely unrelated to it.,High,No
pub:IN-201747032980-A,IN-201747032980-A,Cytarabine,Incidental Mention,No,No,No,No,No,No,No,No,No,,"Brentuximab vedotin (Adcetris) is discussed only as prior-art background describing the known CD30-ADC class, for an invention about FLT3-targeted ADCs; not the claimed invention.",High,No
pub:GC-0010846-A,GC-0010846-A,Cytarabine,Incidental Mention,No,No,No,No,No,No,No,No,No,,Trabectedin appears only in an extremely long alphabetical DNA-agent list for a PI3-kinase-related invention unrelated to it.,High,No
pub:HK-40019879-A,HK-40019879-A,Cytarabine,Incidental Mention,No,No,No,No,No,No,No,No,No,,Brentuximab vedotin appears only in a long list (~30 items) of known cancer drugs/biologics as background for a TRAILSHORT-antibody invention; unrelated core invention.,High,No
41124251,EP-3578195-A1,Cytarabine,Incidental Mention,No,No,No,No,No,No,No,No,No,,Cytarabine appears only within a long generic chemotherapy/antimetabolite Markush list; not a specifically claimed or central embodiment.,High,No
58186741,US-20200009144-A1,Cytarabine,Incidental Mention,No,No,No,No,No,No,No,No,No,,Cytarabine appears only within a long generic chemotherapy/antimetabolite Markush list; not a specifically claimed or central embodiment.,High,No
43900696,MY-173390-A,Cytarabine,Incidental Mention,No,No,No,No,No,No,No,No,No,,Cytarabine appears only within a long generic chemotherapy/antimetabolite Markush list; not a specifically claimed or central embodiment.,High,No
59226993,US-10562909-B2,Cytarabine,Incidental Mention,No,No,No,No,No,No,No,No,No,,Cytarabine appears only within a long generic chemotherapy/antimetabolite Markush list; not a specifically claimed or central embodiment.,High,No
62791028,US-20200071288-A1,Cytarabine,Incidental Mention,No,No,No,No,No,No,No,No,No,,Cytarabine appears only within a long generic chemotherapy/antimetabolite Markush list; not a specifically claimed or central embodiment.,High,No
55629432,EP-3202765-B1,Cytarabine,Incidental Mention,No,No,No,No,No,No,No,No,No,,Cytarabine appears only within a generic chemotherapy/antimetabolite Markush list; not a specifically claimed or central embodiment.,High,No
54196911,EP-3347048-B1,Cytarabine,Incidental Mention,No,No,No,No,No,No,No,No,No,,Cytarabine appears only within a generic chemotherapy/antimetabolite Markush list; not a specifically claimed or central embodiment.,High,No
39283481,US-10610533-B2,Cytarabine,Incidental Mention,No,No,No,No,No,No,No,No,No,,Cytarabine appears only within a generic chemotherapy/antimetabolite Markush list; not a specifically claimed or central embodiment.,High,No
55022711,EP-3229830-B1,Cytarabine,Incidental Mention,No,No,No,No,No,No,No,No,No,,Cytarabine appears only within a generic chemotherapy/antimetabolite Markush list; not a specifically claimed or central embodiment.,High,No
48998708,KR-102107372-B1,Cytarabine,Incidental Mention,No,No,No,No,No,No,No,No,No,,Cytarabine appears only within a generic chemotherapy/antimetabolite Markush list; not a specifically claimed or central embodiment.,High,No
50976916,US-10653694-B2,Cytarabine,Incidental Mention,No,No,No,No,No,No,No,No,No,,Cytarabine appears only within a long generic chemotherapy Markush list; not a specifically claimed or central embodiment.,High,No
53836805,AU-2015277212-B2,Cytarabine,Incidental Mention,No,No,No,No,No,No,No,No,No,,Cytarabine appears only within a long generic chemotherapy Markush list; not a specifically claimed or central embodiment.,High,No
48614105,US-20200222392-A1,Cytarabine,Incidental Mention,No,No,No,No,No,No,No,No,No,,Cytarabine appears only within a long generic chemotherapy Markush list; not a specifically claimed or central embodiment.,High,No
55458346,EP-3191475-B1,Cytarabine,Incidental Mention,No,No,No,No,No,No,No,No,No,,Cytarabine appears only within a long generic chemotherapy Markush list; not a specifically claimed or central embodiment.,High,No
47139740,US-20200289662-A1,Cytarabine,Incidental Mention,No,No,No,No,No,No,No,No,No,,Cytarabine appears only within a long generic chemotherapy Markush list; not a specifically claimed or central embodiment.,High,No
52480556,NZ-756328-A,Cytarabine,Incidental Mention,No,No,No,No,No,No,No,No,No,,Cytarabine appears only within a long generic chemotherapy Markush list; not a specifically claimed or central embodiment.,High,No
55543068,AU-2016226468-B2,Cytarabine,Incidental Mention,No,No,No,No,No,No,No,No,No,,Cytarabine appears only within a long generic chemotherapy Markush list; not a specifically claimed or central embodiment.,High,No
52875228,AU-2015229591-B2,Cytarabine,Incidental Mention,No,No,No,No,No,No,No,No,No,,Cytarabine appears only within a long generic chemotherapy Markush list; not a specifically claimed or central embodiment.,High,No
47351353,EP-2928466-B1,Cytarabine,Incidental Mention,No,No,No,No,No,No,No,No,No,,Cytarabine appears only within a long generic chemotherapy Markush list; not a specifically claimed or central embodiment.,High,No
39032556,EP-2052011-B1,Cytarabine,Incidental Mention,No,No,No,No,No,No,No,No,No,,Cytarabine appears only within a long generic chemotherapy Markush list; not a specifically claimed or central embodiment.,High,No
67219158,EP-3737376-A1,Cytarabine,Incidental Mention,No,No,No,No,No,No,No,No,No,,Cytarabine appears only within a very long generic chemotherapeutic-agent Markush list; not central.,High,No
62620997,US-20210009577-A1,Cytarabine,Directly Relevant,Yes,No,No,No,No,No,No,No,No,,Dependent claim 27 specifically narrows the additional pharmaceutically active compound to cytarabine alone (combined with the claimed carfilzomib-combination compound); cytarabine is the specifically claimed embodiment (same pattern as related family US-20190077801-A1).,High,No
49679895,TW-I716343-B,Cytarabine,Incidental Mention,No,No,No,No,No,No,No,No,No,,Cytarabine appears only within a very long generic pyrimidine-analog Markush list (Chinese-language patent); not central.,High,No
54767460,EP-3151817-B1,Cytarabine,Incidental Mention,No,No,No,No,No,No,No,No,No,,Cytarabine appears only within a long generic antineoplastic-agent Markush list; not central.,High,No
43608847,US-20210069330-A1,Cytarabine,Incidental Mention,No,No,No,No,No,No,No,No,No,,Cytarabine appears only within a ~15-item generic chemotherapeutic-agent list; not central.,High,No
60972528,EP-3559009-B1,Cytarabine,Incidental Mention,No,No,No,No,No,No,No,No,No,,Cytarabine appears only within a long generic chemotherapy Markush list; not a specifically claimed or central embodiment.,High,No
56108356,IL-281484-A,Cytarabine,Incidental Mention,No,No,No,No,No,No,No,No,No,,Cytarabine appears only within a long generic chemotherapy Markush list; not a specifically claimed or central embodiment.,High,No
56069026,US-11014871-B2,Cytarabine,Incidental Mention,No,No,No,No,No,No,No,No,No,,Cytarabine appears only within a long generic chemotherapy Markush list; not a specifically claimed or central embodiment.,High,No
58010371,AU-2017207757-B2,Cytarabine,Incidental Mention,No,No,No,No,No,No,No,No,No,,Cytarabine appears only within a long generic chemotherapy Markush list; not a specifically claimed or central embodiment.,High,No
46603265,CA-2825599-C,Cytarabine,Incidental Mention,No,No,No,No,No,No,No,No,No,,Cytarabine appears only within a long generic chemotherapy Markush list; not a specifically claimed or central embodiment.,High,No
58800797,US-11103481-B2,Cytarabine,Incidental Mention,No,No,No,No,No,No,No,No,No,,"Cytarabine appears within a 10-item antimetabolite list, but the following dependent claim narrows further to 5-fluorouracil or gemcitabine specifically (not cytarabine); cytarabine itself remains unselected background.",Medium,No
46757329,CA-2828811-C,Cytarabine,Indirectly Relevant,Yes,No,No,No,No,No,No,No,No,,"A structured heteromultimer combination claim narrows the ""antimetabolite"" component to a short 6-item list (methotrexate, 6-mercaptopurine, 6-thioguanine, cytarabine, 5-fluorouracil, decarbazine); more specific than generic background.",Medium,Yes
54834485,US-20210275491-A1,Cytarabine,Indirectly Relevant,Yes,No,No,No,No,No,Yes,No,No,,"Claim 47 defines the ""Cyt'"" substituent position of the claimed prodrug structure as one of 10 named nucleoside analogs including cytarabine; a structurally-defined chemical-modification embodiment, similar to other prodrug-substituent claims found in this dataset.",Medium,Yes
59258384,IL-285686-A,Cytarabine,Incidental Mention,No,No,No,No,No,No,No,No,No,,Cytarabine appears only within a very long generic antineoplastic-agent Markush list; not central.,High,No
70853997,EP-3888647-A1,Cytarabine,Indirectly Relevant,Yes,No,No,Yes,No,No,No,No,No,,"Multiple dependent claims narrow the ""second medical agent"" combined with the claimed compound to a short 5-item list (fluorouracil, decitabine, gemcitabine, azacytidine, cytarabine); a real, specific combination-therapy embodiment.",Medium,Yes
55752233,EP-3430031-B1,Cytarabine,Incidental Mention,No,No,No,No,No,No,No,No,No,,Cytarabine HCl appears only within a long generic chemotherapeutic-agent Markush list; not central.,High,No
57504734,NZ-738078-A,Cytarabine,Incidental Mention,No,No,No,No,No,No,No,No,No,,Cytarabine appears only within a very long generic antineoplastic-agent Markush list; not central.,High,No
51654614,US-20210369645-A1,Cytarabine,Incidental Mention,No,No,No,No,No,No,No,No,No,,Cytarabine appears only within a long generic chemotherapeutic-agent Markush list; not central.,High,No
70773446,US-20220000864-A1,Cytarabine,Indirectly Relevant,Yes,No,No,Yes,No,No,No,No,No,,"A structured pharmaceutical-composition claim narrows the ""antimetabolite"" component to a short list (methotrexate, 6-mercaptopurine, 6-thioguanine, cytarabine, 5-fluorouracil, decarbazine) as one specifically defined component; more specific than generic background.",Medium,Yes
66665152,EP-3586828-B1,Cytarabine,Incidental Mention,No,No,No,No,No,No,No,No,No,,Cytarabine appears only within a very long generic mixed-drug Markush list spanning multiple therapeutic classes; not central.,High,No
65030185,US-20220062417-A1,Cytarabine,Incidental Mention,No,No,No,No,No,No,No,No,No,,Cytarabine appears only within a long generic pyrimidine-analog Markush list; not central.,High,No
55020106,US-11370786-B2,Cytarabine,Incidental Mention,No,No,No,No,No,No,No,No,No,,Cytarabine appears only within a very long generic antineoplastic-agent Markush list; not central.,High,No
63579748,US-11364248-B2,Cytarabine,Directly Relevant,Yes,No,No,No,No,No,No,No,No,,"Claim 45 specifically narrows the additional pharmaceutically active compound to only 3 named options: carfilzomib, venetoclax, or cytarabine; cytarabine is a specifically claimed embodiment.",High,No
60159402,US-20220152006-A1,Cytarabine,Incidental Mention,No,No,No,No,No,No,No,No,No,,Cytarabine appears only within a ~10-item generic anti-cancer-compound list; not singled out.,Medium,No
66676982,US-20220193195-A1,Cytarabine,Directly Relevant,Yes,No,No,Yes,No,No,No,No,No,,"Claim 11 narrows the chemotherapy-agent component of a combination therapy (SMAC mimetic + chemo + TNF inhibitor) to only 2 named options (Cytarabine or Cerubidine/daunorubicine); description explicitly discusses cytarabine as part of the standard ""7+3"" AML regimen, confirming thematic centrality.",High,No
62200552,EP-3618813-B1,Cytarabine,Incidental Mention,No,No,No,No,No,No,No,No,No,,Cytarabine appears only within a long generic drug/chemotherapy Markush list; not a specifically claimed or central embodiment.,High,No
58763083,US-11413353-B2,Cytarabine,Incidental Mention,No,No,No,No,No,No,No,No,No,,Cytarabine appears only within a long generic drug/chemotherapy Markush list; not a specifically claimed or central embodiment.,High,No
69770809,IL-295067-A,Cytarabine,Incidental Mention,No,No,No,No,No,No,No,No,No,,Cytarabine appears only within a long generic drug/chemotherapy Markush list; not a specifically claimed or central embodiment.,High,No
58720397,US-11440917-B2,Cytarabine,Incidental Mention,No,No,No,No,No,No,No,No,No,,Cytarabine appears only within a long generic drug/chemotherapy Markush list; not a specifically claimed or central embodiment.,High,No
75377672,EP-4067358-A1,Cytarabine,Incidental Mention,No,No,No,No,No,No,No,No,No,,Cytarabine appears only within a long generic drug/chemotherapy Markush list; not a specifically claimed or central embodiment.,High,No
55702145,US-11466018-B2,Cytarabine,Incidental Mention,No,No,No,No,No,No,No,No,No,,Cytarabine appears only within a long generic chemotherapy Markush list; not central.,High,No
56235808,US-11464879-B2,Cytarabine,Incidental Mention,No,No,No,No,No,No,No,No,No,,Cytarabine appears only within a long generic antineoplastic-agent Markush list; not central.,High,No
57544123,US-11471467-B2,Cytarabine,Incidental Mention,No,No,No,No,No,No,No,No,No,,Cytarabine appears only within a very long generic chemotherapeutic-agent Markush list; not central.,High,No
64396553,US-11510915-B2,Cytarabine,Incidental Mention,No,No,No,No,No,No,No,No,No,,Cytarabine appears only within an 11-item generic antitumor-agent list as one dependent-claim option; not singled out.,Medium,No
58661389,EP-3370734-B1,Cytarabine,Directly Relevant,Yes,No,No,Yes,No,No,No,No,No,,"Claim 6 specifically narrows the claimed antisense-oligonucleotide combination therapy's chemotherapeutic agent to cytarabine alone; description confirms cytarabine and daunorubicin as the dominant AML chemotherapy regimen, and the invention is specifically about mobilizing leukemia cells for improved cytarabine-based chemotherapy efficacy.",High,No
51580982,EP-3524618-B1,Cytarabine,Incidental Mention,No,No,No,No,No,No,No,No,No,,Cytarabine appears only within a long generic anti-cancer-agent Markush list; not a specifically claimed or central embodiment.,High,No
54346071,AU-2020201153-B2,Cytarabine,Incidental Mention,No,No,No,No,No,No,No,No,No,,Cytarabine appears only within a long generic anti-cancer-agent Markush list; not a specifically claimed or central embodiment.,High,No
56542051,EP-3250213-B1,Cytarabine,Incidental Mention,No,No,No,No,No,No,No,No,No,,Cytarabine appears only within a long generic anti-cancer-agent Markush list; not a specifically claimed or central embodiment.,High,No
44915022,CA-2797868-C,Cytarabine,Incidental Mention,No,No,No,No,No,No,No,No,No,,Cytarabine appears only within a long generic anti-cancer-agent Markush list; not a specifically claimed or central embodiment.,High,No
68984309,AU-2019288813-B2,Cytarabine,Incidental Mention,No,No,No,No,No,No,No,No,No,,Cytarabine appears only within a long generic anti-cancer-agent Markush list; not a specifically claimed or central embodiment.,High,No
57218943,IL-291017-B1,Cytarabine,Incidental Mention,No,No,No,No,No,No,No,No,No,,Cytarabine appears only within an extremely long generic pyrimidine/purine-analog Markush list; not central.,High,No
43732866,EP-3061445-B1,Cytarabine,Indirectly Relevant,Yes,No,No,Yes,No,No,No,No,No,,"Claim 16 lists cytarabine as a component of the specific named ""DHAP"" combination regimen (dexamethasone, cytarabine, cisplatin) among several named fixed chemotherapy regimens (CHOP, MCP, FC, ICE, DVD); a real, specifically-named combination-therapy embodiment.",Medium,Yes
49765712,US-11713293-B2,Cytarabine,Indirectly Relevant,Yes,No,No,No,No,No,No,No,No,,"Claim 23 specifically claims the method where ""the cancer is cytarabine-resistant"" as one of four named drug-resistance embodiments (vincristine/taxol/cytarabine/doxorubicin-resistant); a specifically claimed embodiment, not generic background.",Medium,Yes
61028182,EP-4223369-A1,Cytarabine,Incidental Mention,No,No,No,No,No,No,No,No,No,,Cytarabine appears only within a very long generic antineoplastic-agent Markush list; not central.,High,No
59930755,AU-2023204685-A1,Cytarabine,Directly Relevant,Yes,No,No,No,No,No,No,No,No,,"Claims 11-12 specifically narrow the chemotherapeutic agent to ""an arabinoside"" and then to cytarabine by name as the specific arabinoside embodiment; cytarabine is a specifically claimed compound.",High,No
74759274,EP-4251211-A1,Cytarabine,Incidental Mention,No,No,No,No,No,No,No,No,No,,Cytarabine appears only within a long generic cytotoxic-drug list for albumin-nanoparticle payloads; not singled out.,Medium,No
67902442,US-11781189-B2,Cytarabine,Directly Relevant,Yes,No,No,Yes,No,No,No,No,No,,"Claims 12-13 specifically claim a chemotherapy regimen comprising cytarabine plus an anthracycline antibiotic/anthracenedione (optionally followed by further cytarabine) as one of two specifically defined treatment options; this matches the classic cytarabine+anthracycline AML induction combination and cytarabine is a specifically claimed, central agent.",High,No
49916710,CA-2878640-C,Cytarabine,Indirectly Relevant,Yes,No,No,No,No,No,No,No,No,,"A structured heteromultimer combination claim narrows the ""antimetabolite"" component to a short 6-item list (methotrexate, 6-mercaptopurine, 6-thioguanine, cytarabine, 5-fluorouracil, decarbazine); more specific than generic background (same pattern as related family CA-2828811-C).",Medium,Yes
68733477,EP-4022623-B1,Cytarabine,Incidental Mention,No,No,No,No,No,No,No,No,No,,Cytarabine appears only within a long generic antineoplastic-agent list (cell-stress stimuli method); not central.,High,No
52000693,EP-3748358-B1,Cytarabine,Incidental Mention,No,No,No,No,No,No,No,No,No,,Cytarabine appears only within a long generic nucleoside-analog Markush list; not central.,High,No
56014940,US-20230414702-A1,Cytarabine,Incidental Mention,No,No,No,No,No,No,No,No,No,,Cytarabine appears only within a long generic anticancer-agent Markush list; not central.,High,No
52628937,IL-276423-B1,Cytarabine,Directly Relevant,Yes,No,No,Yes,No,No,No,No,No,,"The description specifically describes a narrow 2-compound embodiment (""the additional agent is selected from the group consisting of fludarabine and cytarabine""), distinct from the broader generic list also present; cytarabine is one of only two specifically claimed options in this narrow embodiment.",High,No
58464701,EP-3943508-B1,Cytarabine,Incidental Mention,No,No,No,No,No,No,No,No,No,,Cytarabine appears only within a very long generic chemotherapeutic-agent Markush list; not central.,High,No
58410405,US-20240018257-A1,Cytarabine,Incidental Mention,No,No,No,No,No,No,No,No,No,,Cytarabine appears only within a long generic anti-cancer-agent Markush list; not central.,High,No
55264664,EP-4321171-A2,Cytarabine,Incidental Mention,No,No,No,No,No,No,No,No,No,,Cytarabine appears only within a long generic chemotherapeutic-agent Markush list; not central.,High,No
40796111,US-20240050632-A1,Cytarabine,Incidental Mention,No,No,No,No,No,No,No,No,No,,Cytarabine appears only within a long generic chemotherapeutic-agent Markush list; not central.,High,No
71409570,AU-2020297422-B2,Cytarabine,Incidental Mention,No,No,No,No,No,No,No,No,No,,Cytarabine appears only within a 10-item generic chemotherapeutic-agent list; not singled out.,Medium,No
73139458,EP-4349413-A2,Cytarabine,Directly Relevant,Yes,No,No,No,No,No,No,No,No,,"Claims and description specifically address reversing refractoriness/resistance to a defined 3-drug standard-of-care AML list (azacitidine, decitabine, cytarabine); description explicitly discusses low-dose cytarabine as a named frontline AML treatment the invention aims to improve upon.",High,No
39315133,US-11958855-B2,Cytarabine,Incidental Mention,No,No,No,No,No,No,No,No,No,,Cytarabine appears only within a long generic therapeutic-agent Markush list; not central.,High,No
74759272,AU-2021389027-A9,Cytarabine,Incidental Mention,No,No,No,No,No,No,No,No,No,,Cytarabine appears only within a long generic cytotoxic-drug list for albumin-nanoparticle payloads; not singled out.,Medium,No
73043291,EP-4190173-B1,Cytarabine,Incidental Mention,No,No,No,No,No,No,No,No,No,,Cytarabine appears only within a generic antimetabolite class list; not central.,High,No
58518368,NZ-742480-A,Cytarabine,Indirectly Relevant,No,No,No,No,No,No,Yes,No,No,,"The invention is specifically about cytidine analogs as a drug class, with cytarabine among ~15 named analogs each individually described structurally (including elaidic-acid cytarabine and N4-octadecyl-cytarabine derivatives); thematically central to a cytidine-analog-focused patent, not generic combination-therapy background.",Medium,Yes
67253932,US-20240301083-A1,Cytarabine,Incidental Mention,No,No,No,No,No,No,No,No,No,,Cytarabine appears only within a very long generic chemotherapeutic-agent Markush list; not central.,High,No
57326428,MA-55046-B1,Cytarabine,Incidental Mention,No,No,No,No,No,No,No,No,No,,Cytarabine appears only within a generic antimetabolite-drug list; not central.,High,No
59363277,EP-4086250-B1,Cytarabine,Incidental Mention,No,No,No,No,No,No,No,No,No,,Cytarabine appears only within a structured but broad multi-category radiosensitizer/chemotherapy Markush list; not singled out.,High,No
66625434,US-12187743-B2,Cytarabine,Incidental Mention,No,No,No,No,No,No,No,No,No,,Cytarabine appears only within a very long generic antineoplastic-agent Markush list; not central.,High,No
73289478,EP-4524131-A1,Cytarabine,Incidental Mention,No,No,No,No,No,No,No,No,No,,Cytarabine appears only within a very long generic antineoplastic-agent Markush list; not central.,High,No
54241267,US-20250145617-A1,Cytarabine,Incidental Mention,No,No,No,No,No,No,No,No,No,,Cytarabine appears only within a very long generic antineoplastic-agent Markush list; not central.,High,No
56740579,IL-298041-B1,Cytarabine,Indirectly Relevant,Yes,No,No,Yes,No,No,No,No,No,,"Claim 18 narrows the chemotherapeutic agent combinable with the claimed recombinant antibody to a short 4-item list (cytarabine, an anthracycline, histamine dihydrochloride, interleukin 2); more specific than generic background.",Medium,Yes
75436743,US-12350310-B2,Cytarabine,Incidental Mention,No,No,No,No,No,No,No,No,No,,Cytarabine appears only within a ~15-item generic chemotherapeutic-agent list; not singled out.,Medium,No
60992891,EP-3487882-B1,Cytarabine,Indirectly Relevant,Yes,No,No,Yes,No,No,No,No,No,,"Claim narrows the chemotherapeutic agent to a short 4-item list (cytarabine, an anthracycline, histamine dihydrochloride, interleukin 2), matching the pattern in related family IL-298041-B1; more specific than generic background.",Medium,Yes
66819957,EP-4600271-A2,Cytarabine,Incidental Mention,No,No,No,No,No,No,No,No,No,,Cytarabine appears only within a structured but still broad multi-category antimetabolite Markush list; not singled out.,High,No
78725617,EP-4232463-B1,Cytarabine,Incidental Mention,No,No,No,No,No,No,No,No,No,,Cytarabine appears only within a 6-item nucleoside-analog sub-category of a longer multi-class chemotherapy list; not singled out.,Medium,No
62976077,US-20250276084-A1,Cytarabine,Incidental Mention,No,No,No,No,No,No,No,No,No,,Cytarabine appears only within a long generic pyrimidine-analog Markush list; not central.,High,No
66625250,US-20250353829-A1,Cytarabine,Incidental Mention,No,No,No,No,No,No,No,No,No,,Cytarabine appears only within a very long generic chemotherapeutic-agent Markush list; not central.,High,No
69104399,AU-2025259981-A1,Cytarabine,Incidental Mention,No,No,No,No,No,No,No,No,No,,Cytarabine appears only within a long generic chemotherapeutic-agent list (with OCR-duplicated text); not central.,Medium,No
92746324,EP-4663688-A2,Cytarabine,Incidental Mention,No,No,No,No,No,No,No,No,No,,Cytarabine appears only within a very long generic chemotherapeutic-agent Markush list; not central.,High,No
pub:AU-722912-C,AU-722912-C,Cytarabine,Incidental Mention,No,No,No,No,No,No,No,No,No,,Cytarabine HCl appears only within a long generic chemotherapeutic-agent Markush list; not central.,High,No
pub:HK-1013259-B,HK-1013259-B,Cytarabine,Directly Relevant,No,No,Yes,No,No,No,No,No,No,,Claim 7 specifically narrows the anti-tumor drug in the claimed targeted-delivery-system composition to cytarabine; description discusses cytarabine's schedule-dependent pharmacology at length as motivation for the invention.,High,No
pub:IN-2004MN00606-A,IN-2004MN00606-A,Cytarabine,Incidental Mention,No,No,No,No,No,No,No,No,No,,Cytarabine appears only within a very long generic chemotherapeutic-agent Markush list; not central.,High,No
27364921,CA-2278106-C,Cytarabine,Incidental Mention,No,No,No,No,No,No,No,No,No,,Cytarabine appears only within a long generic chemotherapy/nucleoside Markush list; not a specifically claimed or central embodiment.,High,No
pub:HK-1080868-A,HK-1080868-A,Cytarabine,Incidental Mention,No,No,No,No,No,No,No,No,No,,Cytarabine appears only within a long generic chemotherapy/nucleoside Markush list; not a specifically claimed or central embodiment.,High,No
pub:HK-1024876-B,HK-1024876-B,Cytarabine,Incidental Mention,No,No,No,No,No,No,No,No,No,,Cytarabine appears only within a long generic chemotherapy/nucleoside Markush list; not a specifically claimed or central embodiment.,High,No
pub:IN-2007DN00456-A,IN-2007DN00456-A,Cytarabine,Incidental Mention,No,No,No,No,No,No,No,No,No,,Cytarabine appears only within a long generic chemotherapy/nucleoside Markush list; not a specifically claimed or central embodiment.,High,No
pub:IN-2005DN05240-A,IN-2005DN05240-A,Cytarabine,Incidental Mention,No,No,No,No,No,No,No,No,No,,Cytarabine appears only within a long generic chemotherapy/nucleoside Markush list; not a specifically claimed or central embodiment.,High,No
pub:IN-2008MN00298-A,IN-2008MN00298-A,Cytarabine,Incidental Mention,No,No,No,No,No,No,No,No,No,,Cytarabine appears only within a very long generic antineoplastic-agent Markush list; not central.,High,No
pub:IN-2009KN01558-A,IN-2009KN01558-A,Cytarabine,Incidental Mention,No,No,No,No,No,No,No,No,No,,Cytarabine appears only within a ~15-item generic drug list as one dependent-claim option; not singled out.,Medium,No
pub:IN-2008MN01121-A,IN-2008MN01121-A,Cytarabine,Incidental Mention,No,No,No,No,No,No,No,No,No,,Cytarabine appears only within a long generic pharmacologically-active-substance Markush list; not central.,High,No
pub:IN-2008DN05980-A,IN-2008DN05980-A,Cytarabine,Indirectly Relevant,Yes,No,No,Yes,No,No,No,No,No,,"Claim 73 narrows the ""pyrimidine analog"" antimetabolite component to a short 5-item list (5-fluorouracil, floxuridine, capecitabine, gemcitabine, cytarabine) within a structured multi-level antimetabolite claim; more specific than generic background.",Medium,Yes
pub:IN-2007CN04748-A,IN-2007CN04748-A,Cytarabine,Incidental Mention,No,No,No,No,No,No,No,No,No,,Cytarabine appears only within a generic antimetabolite category list (structured multi-category claim); not singled out.,Medium,No
pub:IN-2009DN02008-A,IN-2009DN02008-A,Cytarabine,Incidental Mention,No,No,No,No,No,No,No,No,No,,Cytarabine appears only within a long generic pyrimidine-analog Markush list; not central.,High,No
pub:IN-2004DN03885-A,IN-2004DN03885-A,Cytarabine,Directly Relevant,No,Yes,Yes,No,No,No,No,No,No,,"Claim 28 and the description repeatedly discuss cytarabine as a specifically named, central example anticancer active principle for the claimed stealth lipid nanocapsule / liposomal drug-delivery invention (""especially advantageous for anticancer agents which are hydrophilic in nature, such as cytarabine"").",High,No
pub:IN-2009CN05705-A,IN-2009CN05705-A,Cytarabine,Incidental Mention,No,No,No,No,No,No,No,No,No,,Cytarabine appears only within a long generic chemotherapy Markush list; not central.,High,No
pub:IN-2003DN00532-A,IN-2003DN00532-A,Cytarabine,Incidental Mention,No,No,No,No,No,No,No,No,No,,Cytarabine appears only within a structured but still broad multi-category antimetabolite Markush list; not singled out.,High,No
39494644,HK-1139411-A1,Cytarabine,Incidental Mention,No,No,No,No,No,No,No,No,No,,Cytarabine appears only within a long generic therapeutic-agent Markush list; not central.,High,No
22588754,CA-2343102-C,Cytarabine,Incidental Mention,No,No,No,No,No,No,No,No,No,,Cytarabine appears only within a long generic antisense-mechanism drug Markush list; not central.,High,No
38694253,EP-2027266-B1,Cytarabine,Indirectly Relevant,Yes,No,No,Yes,No,No,No,No,No,,"Claim 12 narrows the ""pyrimidine analog"" antimetabolite sub-category to a short list (5-fluorouracil, capecitabine, cytosine arabinoside/cytarabine, gemcitabine) within a structured multi-category folic-acid/pyrimidine/purine antagonist claim; more specific than generic background.",Medium,Yes
pub:IN-2010CN07116-A,IN-2010CN07116-A,Cytarabine,Incidental Mention,No,No,No,No,No,No,No,No,No,,Cytarabine appears only within a structured but broad multi-category antimetabolite Markush list; not singled out.,High,No
pub:IN-250333-B,IN-250333-B,Cytarabine,Incidental Mention,No,No,No,No,No,No,No,No,No,,Cytarabine appears only within a very long generic chemotherapeutic-agent Markush list; not central.,High,No
pub:HK-1158939-A,HK-1158939-A,Cytarabine,Incidental Mention,No,No,No,No,No,No,No,No,No,,Cytarabine appears only within a structured but broad multi-category antimetabolite Markush list; not singled out.,High,No
pub:IN-2011KN04897-A,IN-2011KN04897-A,Cytarabine,Incidental Mention,No,No,No,No,No,No,No,No,No,,Cytarabine appears only within a long generic anti-cancer/antimetabolite Markush list; not a specifically claimed or central embodiment.,High,No
pub:HK-1137352-B,HK-1137352-B,Cytarabine,Incidental Mention,No,No,No,No,No,No,No,No,No,,Cytarabine appears only within a long generic anti-cancer/antimetabolite Markush list; not a specifically claimed or central embodiment.,High,No
pub:IN-2015KN03893-A,IN-2015KN03893-A,Cytarabine,Incidental Mention,No,No,No,No,No,No,No,No,No,,Cytarabine appears only within a long generic anti-cancer/antimetabolite Markush list; not a specifically claimed or central embodiment.,High,No
pub:IN-2014CN05832-A,IN-2014CN05832-A,Cytarabine,Incidental Mention,No,No,No,No,No,No,No,No,No,,Cytarabine appears only within a long generic anti-cancer/antimetabolite Markush list; not a specifically claimed or central embodiment.,High,No
pub:HK-1178153-B,HK-1178153-B,Cytarabine,Incidental Mention,No,No,No,No,No,No,No,No,No,,Cytarabine appears only within a long generic anti-cancer/antimetabolite Markush list; not a specifically claimed or central embodiment.,High,No
pub:HK-1180333-B,HK-1180333-B,Cytarabine,Incidental Mention,No,No,No,No,No,No,No,No,No,,Cytarabine appears only within a generic chemotherapy/cytotoxic-agent Markush list; not a specifically claimed or central embodiment.,Medium,No
pub:IN-201647041857-A,IN-201647041857-A,Cytarabine,Incidental Mention,No,No,No,No,No,No,No,No,No,,Cytarabine appears only within a generic chemotherapy/cytotoxic-agent Markush list; not a specifically claimed or central embodiment.,Medium,No
pub:HK-1224577-A1,HK-1224577-A1,Cytarabine,Incidental Mention,No,No,No,No,No,No,No,No,No,,Cytarabine appears only within a generic chemotherapy/cytotoxic-agent Markush list; not a specifically claimed or central embodiment.,Medium,No
pub:IN-286844-B,IN-286844-B,Cytarabine,Incidental Mention,No,No,No,No,No,No,No,No,No,,Cytarabine appears only within a generic chemotherapy/cytotoxic-agent Markush list; not a specifically claimed or central embodiment.,Medium,No
pub:IN-201627044756-A,IN-201627044756-A,Cytarabine,Incidental Mention,No,No,No,No,No,No,No,No,No,,Cytarabine appears only within a generic chemotherapy/cytotoxic-agent Markush list; not a specifically claimed or central embodiment.,Medium,No
pub:IN-201717027312-A,IN-201717027312-A,Cytarabine,Incidental Mention,No,No,No,No,No,No,No,No,No,,Cytarabine appears only within a long generic chemotherapy Markush list; not a specifically claimed or central embodiment.,High,No
pub:IN-201717026559-A,IN-201717026559-A,Cytarabine,Incidental Mention,No,No,No,No,No,No,No,No,No,,Cytarabine appears only within a long generic chemotherapy Markush list; not a specifically claimed or central embodiment.,High,No
pub:IN-201827001916-A,IN-201827001916-A,Cytarabine,Incidental Mention,No,No,No,No,No,No,No,No,No,,Cytarabine appears only within a long generic chemotherapy Markush list; not a specifically claimed or central embodiment.,High,No
pub:IN-201817005054-A,IN-201817005054-A,Cytarabine,Incidental Mention,No,No,No,No,No,No,No,No,No,,Cytarabine appears only within a long generic chemotherapy Markush list; not a specifically claimed or central embodiment.,High,No
pub:IN-313360-B,IN-313360-B,Cytarabine,Incidental Mention,No,No,No,No,No,No,No,No,No,,Cytarabine appears only within a long generic chemotherapy Markush list; not a specifically claimed or central embodiment.,High,No
pub:HK-1206752-B,HK-1206752-B,Cytarabine,Incidental Mention,No,No,No,No,No,No,No,No,No,,Cytarabine appears only within a generic chemotherapy Markush list; not a specifically claimed or central embodiment.,High,No
pub:GC-0010744-A,GC-0010744-A,Cytarabine,Incidental Mention,No,No,No,No,No,No,No,No,No,,Cytarabine appears only within a generic chemotherapy Markush list; not a specifically claimed or central embodiment.,High,No
pub:IN-201948028926-A,IN-201948028926-A,Cytarabine,Incidental Mention,No,No,No,No,No,No,No,No,No,,Cytarabine appears only within a generic chemotherapy Markush list; not a specifically claimed or central embodiment.,High,No
pub:IN-327237-B,IN-327237-B,Cytarabine,Incidental Mention,No,No,No,No,No,No,No,No,No,,Cytarabine appears only within a generic chemotherapy Markush list; not a specifically claimed or central embodiment.,High,No
pub:IN-329550-B,IN-329550-B,Cytarabine,Incidental Mention,No,No,No,No,No,No,No,No,No,,Cytarabine appears only within a generic chemotherapy Markush list; not a specifically claimed or central embodiment.,High,No
pub:NZ-756328-B2,NZ-756328-B2,Cytarabine,Incidental Mention,,,,,,,,,,,"Nucleic acids encoding human antibodies to sialyl-Lewisa; cytarabine named only within a long generic chemotherapy-agent list in a dependent claim ('doxorubicin, daunorubicin, methotrexate, ... cytarabine, 5-fluorouracil and decarbazine...').",High,No
pub:HK-40012895-A,HK-40012895-A,Cytarabine,Incidental Mention,,,,,,,,,,,Immunogenic arginase peptides; cytarabine one of 30+ agents in a generic 'additional cancer therapy' list (also in FR translation).,High,No
pub:IN-202048008158-A,IN-202048008158-A,Cytarabine,Incidental Mention,,,,,,,,,,,Integrin receptor antagonists; cytarabine one of 20+ agents in a generic combination-chemotherapy list.,High,No
pub:IN-349333-B,IN-349333-B,Cytarabine,Incidental Mention,,,,,,,,,,,Pharmaceutical composition for liver cancer; cytarabine one of 40+ agents in a long generic antineoplastic list.,High,No
pub:IN-344129-B,IN-344129-B,Cytarabine,Incidental Mention,,,,,,,,,,,Pharmaceutical composition for cancer treatment; cytarabine one of 40+ agents in the same long generic antineoplastic list as IN-349333-B.,High,No
pub:HK-40026962-A,HK-40026962-A,Cytarabine,Incidental Mention,,,,,,,,,,,Compositions/methods for inhibiting arginase activity; cytarabine one of 50+ agents in a long generic chemotherapeutic list (EN+FR).,High,No
pub:HK-40026838-A,HK-40026838-A,Cytarabine,Incidental Mention,,,,,,,,,,,LSD1 inhibitor combination therapy; cytarabine one of 40+ agents in a long generic chemo-agent list.,High,No
pub:HK-40039447-A,HK-40039447-A,Cytarabine,Indirectly Relevant,,,,Yes,,,,,,,"Bispecific antibody for use claim 15: 'the chemotherapeutic agent is cytarabine, an anthracycline, histamine dihydrochloride, or interleukin 2' — short 4-item structured combination-therapy list, not a long generic Markush drug catalog.",Medium,Yes
pub:IN-359162-B,IN-359162-B,Cytarabine,Incidental Mention,,,,,,,,,,,"Bispecific CD33/CD3 binding proteins for AML; cytarabine one of ~15 agents in a generic combination-agent list ('cytarabine, azacitidine, decitabine, anthracycline, fludarabine, clofarabine, cladribine, nelarabine, methotrexate, bortezomib, carfilzomib, melphalan, ibrutinib, thalidomide, lenalidomide').",High,No
pub:HK-40041458-A,HK-40041458-A,Cytarabine,Incidental Mention,,,,,,,,,,,Protein kinase inhibitor combination claim; cytarabine one of 30+ agents in a long generic chemotherapeutic-class list.,High,No
pub:IN-202118050539-A,IN-202118050539-A,Cytarabine,Incidental Mention,,,,,,,,,,,5'-nucleotidase ecto modulators; cytarabine one of 15+ agents in a long generic antimetabolite/chemotherapy list.,High,No
pub:IN-202247059711-A,IN-202247059711-A,Cytarabine,Incidental Mention,,,,,,,,,,,Cyclophilin inhibitors; cytarabine one of 15+ agents in a long generic chemotherapy-class list.,High,No
pub:HK-40064591-A,HK-40064591-A,Cytarabine,Incidental Mention,,,,,,,,,,,Adenovirus + chemotherapeutic combination; cytarabine one of 30+ agents in a long generic agent list.,High,No
pub:HK-40079362-A,HK-40079362-A,Cytarabine,Incidental Mention,,,,,,,,,,,Anti-VISTA antibodies; cytarabine one of 50+ agents in a long generic chemotherapy list.,High,No
pub:HK-40000190-B,HK-40000190-B,Cytarabine,Incidental Mention,,,,,,,,,,,Substituted dihydroimidazoquinazoline derivatives; cytarabine one of 30+ agents in a long generic combination-agent list.,High,No
pub:HK-40093304-A,HK-40093304-A,Cytarabine,Incidental Mention,,,,,,,,,,,PIM kinase inhibitor combination claim; cytarabine one of 40+ agents in a long generic chemotherapy list.,High,No
pub:IN-202218018685-A,IN-202218018685-A,Cytarabine,Incidental Mention,,,,,,,,,,,Fibroblast regenerative activity; cytarabine one of 10+ agents in a generic pyrimidine-analog sub-list within a much longer overall drug list.,High,No
pub:ID-P202305753-A,ID-P202305753-A,Cytarabine,Indirectly Relevant,,,,Yes,,,,,,,"Serotonin 1B receptor modulator; claim recites combination with 'chemotherapy drug selected from Vincristine, Daunorubicin, Cytarabine, 6-mercaptopurine, Metotreksate, Cyclophosphamida, Prednisone, Deksametasone, Nelarabine' — a short (9-item), ALL/leukemia-specific structured combination list, not an open-ended generic Markush catalog.",Medium,Yes
pub:IN-202318030481-A,IN-202318030481-A,Cytarabine,Indirectly Relevant,,,,Yes,,,,,,,"Pharmaceutical composition patent; claim text lists a short 6-item antimetabolite class ('fluorouracil, methotrexate, cytarabine, mecaptopurine, thioguanine, and gemcitabine') with cytarabine given its own descriptive paragraph (AraC, mechanism of action) — more substantive treatment than a bare Markush entry, but still class-background rather than a composition narrowed to cytarabine specifically.",Medium,Yes
pub:HK-40033024-B,HK-40033024-B,Cytarabine,Incidental Mention,,,,No,,,,,,,"Immune checkpoint inhibitor combination therapy; cytarabine one of 11 agents in a combination-agent list, with the dependent claim narrowing to temozolomide, not cytarabine (EN+FR).",High,No
pub:HK-40103987-A,HK-40103987-A,Cytarabine,Incidental Mention,,,,No,,,,,,,Immunomodulator combination claim; cytarabine one of 40+ agents in a long generic chemotherapy list.,High,No
pub:NZ-732753-B2,NZ-732753-B2,Cytarabine,Indirectly Relevant,,,,Yes,,,,,,,"Anti-CD38 antibodies for AML treatment; claim 1 requires 'the subject has been treated with idarubicin, cytarabine, hydroxyurea, or any combination thereof' (3-item list) and claim 15 narrows second agent to 'all-trans retinoic acid, cytarabine, decitabine or doxorubicin' (4-item list) — short, AML-specific structured combination options, not a generic Markush catalog.",Medium,Yes
pub:HK-40045137-B,HK-40045137-B,Cytarabine,Incidental Mention,,,,No,,,,,,,SMAD3 inhibitor combination claim; cytarabine one of 30+ agents in a long generic chemotherapy list.,High,No
pub:IN-566790-B,IN-566790-B,Cytarabine,Incidental Mention,,,,No,,,,,,,Nano/microparticle drug-delivery platform; cytarabine one of 50+ actives spanning many unrelated drug classes in a long alphabetical list.,High,No
pub:HK-40121299-A,HK-40121299-A,Cytarabine,Incidental Mention,,,,,,,,,,,CD3/CD20 bispecific dosing strategy for CRS mitigation; cytarabine one of 20+ agents in a generic lymphoma-chemotherapy regimen list.,High,No
pub:HK-1245328-B,HK-1245328-B,Cytarabine,Uncertain,,,,,,,,,,,"Anti-human transferrin receptor antibody (BBB-permeating); claims+description could not be retrieved after 6 repeated attempts (persistent 'MCP server session expired' errors specific to this record, bibonly=true succeeded but omits claims/description). Flagged rather than classified from title/abstract alone, per protocol.",Low,Yes
