family_id,leader_id,compound,title,family_countries,has_ES
96661841,US-20250255804-A1,Lurbinectedin,LIQUID INJECTABLE COMPOSITIONS OF LURBINECTEDIN,IN;US,False
-1,IN-202341012003-A,Lurbinectedin,PROCESS FOR PREPARATION OF LURBINECTEDIN AND INTERMEDIATES THEREOF,IN,False
-1,IN-202421011127-A,Lurbinectedin,Novel crystalline polymorphic form of lurbinectedin.,IN,False
83228309,EP-4304652-A1,Lurbinectedin,METHODS FOR TREATING SMALL CELL LUNG CANCER AND OTHER NEUROENDOCRINE CANCERS,CN;EP;JP;US;WO,False
-1,IN-202343025835-A,Lurbinectedin,AN IMPROVED PROCESS FOR THE PREPARATION OF LURBINECTEDIN AND ITS POLYMORPHS THEREOF,IN,False
95582309,WO-2025094002-A1,Lurbinectedin,LURBINECTEDIN FORMULATION,CA;WO,False
84819808,WO-2024133947-A1,Lurbinectedin,LURBINECTEDIN AND CYP3A4 INHIBITOR COMBINATION,WO,False
88833985,AU-2023382514-A1,Lurbinectedin,LURBINECTEDIN AND DOXORUBICIN COMBINATION,AU;BR;CA;EA;EP;IL;JO;JP;KR;MX;TW;WO,False
73642803,WO-2022101255-A1,Lurbinectedin,LURBINECTEDIN AND IRINOTECAN COMBINATIONS,WO,False
86386988,MX-2025010161-A,Lurbinectedin,ANTIBODY-DRUG CONJUGATES COMPRISING TRABECTEDIN AND LURBINECTEDIN DERIVATIVES,AU;CA;CN;EP;JP;KR;MX;WO,False
96591377,WO-2025165852-A1,Lurbinectedin,LIQUID FORMULATIONS OF LURBINECTEDIN,WO,False
72470344,US-20230310426-A1,Lurbinectedin,COMBINATION OF LURBINECTEDIN AND IMMUNE CHECKPOINT INHIBITOR,AU;CA;CO;CR;DO;JP;KR;MX;PE;US;WO,False
67902455,EP-4025217-A1,Lurbinectedin,LURBINECTEDIN IN THE TREATMENT OF MALIGNANT MESOTHELIOMA,AU;BR;CA;CL;CN;EP;HK;IL;JP;KR;MX;MY;TW;US;WO,False
95021952,WO-2025059336-A1,Lurbinectedin,AN IMPROVED PROCESS FOR PREPARATION OF LURBINECTEDIN,EP;WO,False
94388496,US-20250041313-A1,Lurbinectedin,COMBINATION THERAPY FOR TREATMENT OF CANCER,US,False
78820304,EP-4430075-A1,Lurbinectedin,LURBINECTEDIN AND ATEZOLIZUMAB COMBINATIONS,AU;BR;CA;EP;HK;IL;JP;KR;MX;US;WO,False
90365213,WO-2024188978-A1,Lurbinectedin,LURBINECTEDIN AS MCL-1 INHIBITOR AND COMBINATIONS THEREOF FOR USE IN TREATING CANCER,WO,False
-1,IN-202343024250-A,Lurbinectedin,AN IMPROVED PROCESS FOR THE PREPARATION OF LURBINECTEDIN AND ITS POLYMORPHS THEREOF,IN,False
95655138,IN-202241053250-A,Lurbinectedin,IMPROVED PROCESS FOR THE PREPARATION OF LURBINECTEDIN,IN,False
83864103,EP-4520760-A1,Lurbinectedin,LURBINECTEDIN CRYSTAL FORM AND METHOD FOR PREPARING SAME,CN;EP;US;WO,False
71159689,CN-111298122-A,Lurbinectedin,Pharmaceutical composition for treating small cell lung cancer and application thereof,CN,False
85412216,IN-202141039393-A,Lurbinectedin,NOVEL CRYSTALLINE POLYMORPH OF LURBINECTEDIN AND IMPROVED PROCESS FOR THE PREPARATION OF LURBINECTEDIN,BR;CA;IN;US;WO,False
-1,TR-2023002258-T2,Lurbinectedin,LURBİNECTEDİN VE İMMÜN KONTROL NOKTASI İNHİBİTÖRÜ,TR,False
-1,MY-PI2023001058-A0,Lurbinectedin,COMBINATION OF LURBINECTEDIN AND IMMUNE CHECKPOINT INHIBITOR,MY,False
70918456,AU-2020388196-B2,Lurbinectedin,Methods of treating small cell lung cancer with lurbinectedin formulations,AU;BR;CA;CL;CN;CO;CR;EA;EC;EP;HK;ID;IL;IN;JO;JP;KR;MA;MO;MX;MY;PE;PH;SA;TH;TR;TW;UA;US;VN;WO,False
89771967,EP-4563149-A1,Lurbinectedin,"LURBINECTEDIN, ECUBECTEDIN AND A RELATED COMPOUND FOR USE IN THE TREATMENT OF SKIN CANCERS",AU;CA;CN;EP;HK;IL;KR;TW;WO,False
86335154,US-20250002506-A1,Lurbinectedin,IMPROVED PROCESS FOR THE PREPARATION OF LURBINECTEDIN AND ITS MORPHS THEREOF,AU;EP;IN;US;WO,False
-1,IN-202447074934-A,Lurbinectedin,READY-TO-USE INJECTABLE FORMULATIONS OF LURBINECTEDIN,AU;CA;EP;IN;WO,False
83698861,WO-2023088394-A3,Lurbinectedin,NEW CRYSTAL FORMS OF LURBINECTEDIN AND PREPARATION THEREOF,CN;WO,False
90476395,US-20240285627-A1,Lurbinectedin,DRUG COMBINATION OF FAK INHIBITOR AND IMMUNOGENIC CELL DEATH INDUCER AND USE THEREOF,US,False
91563266,WO-2024131887-A1,Lurbinectedin,"PHARMACEUTICAL COMPOSITION COMPRISING LURBINECTEDIN, PREPARATION METHOD THEREFOR, AND USE THEREOF",CN;US;WO,False
91956513,WO-2024155728-A1,Lurbinectedin,NANOPARTICLES AND METHODS OF USE,US;WO,False
81746750,TW-202210078-A,Lurbinectedin,LURBINECTEDIN COMBINATIONS,TW,False
93852453,WO-2024258238-A1,Lurbinectedin,USE OF CLAUDIN-3 AS TARGET FOR DIAGNOSIS AND TREATMENT OF SMALL CELL LUNG CANCER,CN;EP;JP;KR;WO,False
96773572,WO-2025175166-A1,Lurbinectedin,COMBINATION THERAPIES WITH BTN1A1 BINDING PROTEINS AND CHEMOTHERAPEUTIC AGENTS,AU;CA;WO,False
94282497,WO-2025019334-A2,Lurbinectedin,ANTIBODY-DRUG CONJUGATES AND LINKERS AND METHODS OF USE THEREOF,CA;CN;EP;IL;IN;JP;KR;US;WO,False
92627282,WO-2025048716-A1,Lurbinectedin,"ANTI-ALPP/ALPPL2 ANTIBODIES, ANTIBODY-DRUG CONJUGATES, AND USES THEREOF",CN;EP;WO,False
85476376,CA-3174290-A1,Lurbinectedin,SELECTED COMPOUNDS FOR TARGETED DEGRADATION OF BRD9,AR;CA;CN;EP;HK;TW;US;WO,False
78525011,US-20230159893-A1,Lurbinectedin,"ANTIGEN PRESENTING T CELLS, SENSITIZED, MANUFACTURED T CELLS AND METHODS OF TREATMENT USING THE SAME",EP;HK;US;WO,False
-1,ID-P202501810-A,Lurbinectedin,PENGOBATAN KANKER YANG MENARGETKAN DLL3,AU;CA;CL;CN;EA;EP;HK;ID;IL;JO;JP;KR;MX;MY;TW;US;WO,False
88853227,CN-117122704-A,Lurbinectedin,基因工程菌SGN1在制备治疗小细胞肺癌药物中的应用,CN,False
93589850,WO-2024243545-A1,Lurbinectedin,COMPOSITIONS TARGETING ENDOTHELIAL CELLS AND USES THEREOF,US;WO,False
88768974,EP-4670728-A1,Lurbinectedin,METHOD FOR TREATMENT OF TUMOR BY USING RECOMBINANT ONCOLYTIC VIRUS IN COMBINATION WITH SMALL-MOLECULE ANTICANCER DRUG,AU;CA;CN;EP;JP;KR;US;WO,False
86988290,KR-102544135-B1,Lurbinectedin,c-Kit targeting immunoconjugate,KR;WO,False
83722691,US-20240139241-A1,Lurbinectedin,COMPOSITIONS AND METHODS FOR CONDITIONING PATIENTS FOR CELL THERAPY,AU;EP;US;WO,False
54834537,US-20170101464-A1,Lurbinectedin,COMBINATION THERAPIES USING AGENTS THAT TARGET TUMOR-ASSOCIATED STROMA OR TUMOR CELLS AND TUMOR VASCULATURE,US;WO,False
54834542,US-20170112927-A1,Lurbinectedin,COMBINATION THERAPIES USING AGENTS THAT TARGET TUMOR-ASSOCIATED STROMA OR TUMOR CELLS AND ALKYLATING AGENTS,US;WO,False
86879837,CN-116332932-A,Lurbinectedin,Ecteinascidin 743及类似生物碱的几种高级中间体的制备方法,CN,False
90829418,IL-323508-A,Lurbinectedin,Methods and uses for treating nausea and emesis,AU;BR;CA;CN;EP;HK;IL;JP;KR;MX;TW;WO,False
56544441,US-20250084059-A1,Lurbinectedin,CRYSTALLINE FORMS OF C21H22Cl2N4O2,AU;CA;CN;EP;ES;HK;IN;JP;MX;NZ;SG;US;WO,True
88647193,CA-3255321-A1,Lurbinectedin,HETEROMULTIMER BINDING DLL3 AND CD3,AR;AU;CA;EP;JP;MX;TW;US;UY;WO,False
85781529,AU-2022356800-A1,Lurbinectedin,USES OF DLL3-TARGETING MULTISPECIFIC ANTIGEN-BINDING MOLECULES,AU;BR;CA;CN;EA;EP;HK;IL;KR;MX;TW;US;WO,False
90675322,WO-2025184858-A1,Lurbinectedin,COMBINATION THERAPY COMPRISING A BISPECIFIC ANTI-VEGF-A AND ANTI-PD-L1 ANTIBODY AND A CHEMOTHERAPY FOR CANCER TREATMENT,WO,False
87802229,IL-323841-A,Lurbinectedin,Novel gspt1 degrader and use thereof,AU;CA;CL;CN;EP;ID;IL;IN;JP;KR;MX;PE;RU;VN;WO,False
-1,ID-P202304815-A,Lurbinectedin,MAKROMOLEKUL BERISI OBAT DAN METODE PEMBUATANNYA,AU;BR;CA;CN;EP;ID;IN;JP;KR;MX;MY;RU;TW;US;VN;WO,False
86146079,US-11986512-B2,Lurbinectedin,Compositions and methods for cancer therapy,US;WO,False
93431707,WO-2024231899-A1,Lurbinectedin,COMPOUNDS FOR NOS-RELATED CANCERS AND METHODS OF USE,EP;IL;WO,False
80820312,IL-305418-A,Lurbinectedin,ANGIOPOIETIN-LIKE 3 (ANGPTL3) IRNA COMPOSITIONS AND METHODS OF USE THEREOF,AR;AU;BR;CA;CN;EA;EP;HK;IL;IN;JP;KR;MX;TW;US;WO;ZA,False
88016465,WO-2025046272-A1,Lurbinectedin,METHODS OF TREATING CANCER USING FUTIBATINIB AND PEMBROLIZUMAB,EP;JP;TW;WO,False
83049623,US-20240156808-A1,Lurbinectedin,Compositions and methods to improve the therapeutic benefit of suboptimally chemical compounds and biological therapies including substituted camptothecins such as irinotecan and topotecan for the tre,AU;CA;EP;IL;US;WO,False
93151986,WO-2024217563-A1,Lurbinectedin,"LYSINE ACETYLTRANSFERASE 6A (KAT6A) INHIBITOR, COMBINATIONS AND USES THEREOF",AR;AU;CA;CN;EP;HK;IL;IN;JP;KR;MX;TW;WO,False
95284207,WO-2025073290-A1,Lurbinectedin,VPS4 INHIBITORS AND METHODS OF USE THEREOF,WO,False
87517409,WO-2025021997-A1,Lurbinectedin,NEW MAP4K1 INHIBITORS,EP;WO,False
91956520,EP-4651871-A2,Lurbinectedin,ECTEINASCIDIN DERIVATIVE ANTIBODY DRUG CONJUGATES,AU;BR;CA;CN;EP;HK;IL;IN;JP;KR;MX;US;WO,False
84463062,EP-4422693-A1,Lurbinectedin,TRANS-CYCLOOCTENE CONJUGATES,CN;EP;HK;JP;WO,False
95447814,WO-2025082461-A1,Lurbinectedin,"POLYPEPTIDE, BIOACTIVE CONJUGATE, AND PREPARATION METHOD THEREFOR AND USE THEREOF",AU;CA;CN;EP;KR;WO,False
93487558,CN-118987015-A,Lurbinectedin,反义寡核苷酸在制备治疗乳腺癌药物中的应用,CN,False
95396322,WO-2025080769-A1,Lurbinectedin,METHODS OF TREATING CANCER,WO,False
85783692,WO-2023056429-A1,Lurbinectedin,"ANTI-NMDAR2B ANTIBODIES, ANTIBODY-DRUG CONJUGATES, AND CHIMERIC ANTIGEN RECEPTORS, AND COMPOSITIONS AND METHODS OF USE",US;WO,False
84362765,EP-4422696-A1,Lurbinectedin,TETRAZINE CONJUGATES FOR IN VIVO TARGETED DELIVERY OF A PAYLOAD,CN;EP;HK;JP;US;WO,False
88243925,US-20250339399-A1,Lurbinectedin,SUPRAMOLECULAR SELF-ASSEMBLY SYSTEM,CN;HK;US;WO,False
91193742,WO-2024229427-A1,Lurbinectedin,TETRAZINE-BASED TARGETING AGENTS FOR IN VIVO DELIVERY OF A PAYLOAD,CN;EP;JP;WO,False
86397831,WO-2023091726-A1,Lurbinectedin,INHIBITORS OF CYCLIN‑DEPENDENT KINASE 12 (CDK12),WO,False
88919900,CA-3257248-A1,Lurbinectedin,ALLOGENEIC HYPOIMMUNE BIOMIMETIC NANOVESICLE FOR THE TREATMENT OF CANCER,CA;CN;EP;JP;US;WO,False
91587445,EP-4638443-A1,Lurbinectedin,TRANSIENT RECEPTOR POTENTIAL VANILLOID 6 INHIBITORS,AU;CA;CN;EP;JP;KR;US;WO,False
93255679,EP-4663205-A1,Lurbinectedin,"POLYMER-DRUG CONJUGATE, INTERMEDIATE THEREOF, AND USE THEREOF",AU;BR;CA;CN;EP;JP;KR;MX;RU;WO,False
93588838,WO-2025241603-A1,Lurbinectedin,"AN ANTIBODY DRUG CONJUGATE WITH OPENED RINGS OF THIOSUCCINIMIDES, ITS PREPARATION AND APPLICATION THEREOF",AU;CA;CN;EP;HK;JP;KR;MY;TW;US;WO,False
91033345,KR-20250099146-A,Lurbinectedin,PRMT5 저해제와 DNA 손상 유도 물질의 약학적 조합물,KR;US;WO,False
92304683,US-20240282425-A1,Lurbinectedin,AUTHENTICATION METHODS AND SYSTEMS FOR DISPENSED PRESCRIPTIONS,CA;EP;JP;US;WO,False
